{
  "pretrain_final": {
    "avg_train_acc": 0.935267037153244,
    "avg_val_acc": 0.8635447025299072,
    "avg_test_acc": 0.8665701508522033
  },
  "fedkd": {
    "removed_client_id": 0,
    "before_global_metrics": {
      "avg_train_acc": 0.9371948970688714,
      "avg_val_acc": 0.8677294121848212,
      "avg_test_acc": 0.867974321047465
    },
    "after_global_metrics": {
      "avg_train_acc": 0.9297813375790914,
      "avg_val_acc": 0.872795561949412,
      "avg_test_acc": 0.8694094816843668
    },
    "metric_delta": {
      "avg_train_acc_delta": -0.007413559489779953,
      "avg_val_acc_delta": 0.005066149764590744,
      "avg_test_acc_delta": 0.0014351606369018555
    },
    "distill_epochs": 8,
    "distill_lr": 0.0005,
    "distill_temperature": 2.0,
    "historical_round_count": 100
  },
  "client_retrain_baseline": null
}