{
  "pretrain_final": {
    "avg_train_acc": 0.8701852142810822,
    "avg_val_acc": 0.7939955174922944,
    "avg_test_acc": 0.7934542953968048
  },
  "unlearning": {
    "before_global_metrics": {
      "avg_train_acc": 0.8701852142810822,
      "avg_val_acc": 0.7939955174922944,
      "avg_test_acc": 0.7934542953968048
    },
    "after_global_metrics": {
      "avg_train_acc": 0.876771867275238,
      "avg_val_acc": 0.8073496758937836,
      "avg_test_acc": 0.8045298457145691
    },
    "metric_delta": {
      "avg_train_acc_delta": 0.006586652994155839,
      "avg_val_acc_delta": 0.013354158401489236,
      "avg_test_acc_delta": 0.011075550317764304
    },
    "forget_request": {
      "client_id": 0,
      "forget_node_count": 248,
      "forget_node_ids": [
        1519,
        1006,
        1014,
        1331,
        1945,
        205,
        81,
        1673,
        947,
        595,
        1706,
        1046,
        666,
        984,
        1944,
        297,
        1353,
        960,
        1166,
        858,
        1033,
        1286,
        751,
        1639,
        991,
        253,
        1650,
        1332,
        427,
        114,
        1800,
        172,
        832,
        1714,
        1667,
        308,
        1151,
        420,
        725,
        1315,
        1513,
        592,
        497,
        348,
        1105,
        1507,
        1481,
        2030,
        755,
        1266,
        1246,
        619,
        1811,
        268,
        38,
        605,
        53,
        749,
        1538,
        1345,
        1221,
        65,
        515,
        170,
        1124,
        1569,
        1066,
        261,
        1821,
        632,
        133,
        617,
        922,
        2047,
        927,
        612,
        643,
        1007,
        405,
        222,
        661,
        407,
        167,
        98,
        221,
        1892,
        1541,
        494,
        1504,
        14,
        1011,
        99,
        651,
        615,
        1867,
        1865,
        469,
        1367,
        629,
        1556,
        1754,
        1851,
        218,
        829,
        1337,
        1048,
        1017,
        830,
        195,
        1766,
        19,
        93,
        1062,
        1820,
        1900,
        1573,
        160,
        320,
        740,
        1836,
        2058,
        703,
        834,
        139,
        992,
        356,
        1802,
        3,
        2020,
        226,
        2010,
        818,
        516,
        1483,
        95,
        1290,
        256,
        92,
        1344,
        447,
        825,
        1670,
        653,
        748,
        1442,
        854,
        1833,
        1333,
        1446,
        483,
        137,
        913,
        1371,
        774,
        230,
        1415,
        844,
        1133,
        1917,
        1307,
        773,
        1732,
        1920,
        667,
        1433,
        1001,
        921,
        386,
        1956,
        1976,
        1810,
        1621,
        1730,
        200,
        1819,
        951,
        1127,
        1282,
        1878,
        383,
        1057,
        301,
        540,
        914,
        1253,
        309,
        1098,
        1886,
        1194,
        726,
        1895,
        596,
        433,
        187,
        410,
        722,
        158,
        683,
        687,
        1897,
        1610,
        877,
        1107,
        1123,
        1391,
        1560,
        1405,
        1635,
        1882,
        1618,
        343,
        568,
        934,
        1731,
        988,
        1407,
        1576,
        720,
        47,
        803,
        1607,
        1921,
        986,
        1214,
        478,
        1720,
        847,
        2044,
        1450,
        513,
        1933,
        996,
        1182,
        1174,
        134,
        1199,
        584,
        380,
        1609,
        1112,
        1328,
        1287,
        1385,
        293,
        701,
        275,
        1806,
        328
      ],
      "retain_node_count": 1822,
      "boundary_node_count": 889,
      "selected_probe_count": 10,
      "relation_activation_before": 6.492236614227295,
      "relation_activation_after": 3.73976469039917
    },
    "affected_client_ids": [
      1
    ],
    "affected_client_count": 1,
    "prototype_similarities": [
      {
        "client_id": 1,
        "similarity": 0.6600602269172668
      },
      {
        "client_id": 2,
        "similarity": 0.5543035268783569
      },
      {
        "client_id": 6,
        "similarity": 0.4961465001106262
      },
      {
        "client_id": 8,
        "similarity": 0.4657430350780487
      },
      {
        "client_id": 3,
        "similarity": 0.4371320605278015
      },
      {
        "client_id": 9,
        "similarity": 0.40437424182891846
      },
      {
        "client_id": 7,
        "similarity": 0.3413175344467163
      },
      {
        "client_id": 4,
        "similarity": 0.30961331725120544
      },
      {
        "client_id": 5,
        "similarity": 0.23885411024093628
      }
    ],
    "requester_relation_stats": {
      "before_local_unlearning": {
        "relation_activation_mean": 6.492236614227295
      },
      "after_local_unlearning": {
        "relation_activation_mean": 3.73976469039917
      },
      "after_final_purge": {
        "relation_activation_mean": 4.848057746887207
      }
    },
    "probe_stats": {
      "probe_count": 10,
      "pre_vs_local_unlearn_alignment_mse": 1.0322659134864807
    },
    "affected_client_final_mean_test_metric": 0.8005114793777466
  },
  "retrain_baseline": null,
  "client_unlearning": null,
  "client_retrain_baseline": null
}