{
  "pretrain_final": {
    "avg_train_acc": 0.7010300993919373,
    "avg_val_acc": 0.5041315406560898,
    "avg_test_acc": 0.4961650907993317
  },
  "client_unlearning": {
    "removed_client_id": 0,
    "before_global_metrics": {
      "avg_train_acc": 0.7010300993919373,
      "avg_val_acc": 0.5041315406560898,
      "avg_test_acc": 0.4961650907993317
    },
    "after_global_metrics": {
      "avg_train_acc": 0.6971670031547547,
      "avg_val_acc": 0.46959160566329955,
      "avg_test_acc": 0.4704171895980835
    },
    "metric_delta": {
      "avg_train_acc_delta": -0.003863096237182617,
      "avg_val_acc_delta": -0.03453993499279023,
      "avg_test_acc_delta": -0.025747901201248202
    },
    "momentum_coeff": 0.97,
    "degradation_rounds": 3,
    "guidance_rounds": 10,
    "remaining_client_count": 9
  },
  "client_retrain_baseline": null
}