{
  "pretrain_final": {
    "avg_train_acc": 0.9203075289726257,
    "avg_val_acc": 0.8642918169498444,
    "avg_test_acc": 0.8618281722068787
  },
  "fedkd": {
    "removed_client_id": 0,
    "before_global_metrics": {
      "avg_train_acc": 0.920400771829817,
      "avg_val_acc": 0.866286940044827,
      "avg_test_acc": 0.8626794483926561
    },
    "after_global_metrics": {
      "avg_train_acc": 0.8975540399551392,
      "avg_val_acc": 0.8629799750116136,
      "avg_test_acc": 0.855576773484548
    },
    "metric_delta": {
      "avg_train_acc_delta": -0.022846731874677895,
      "avg_val_acc_delta": -0.0033069650332133715,
      "avg_test_acc_delta": -0.00710267490810812
    },
    "distill_epochs": 8,
    "distill_lr": 0.0005,
    "distill_temperature": 2.0,
    "historical_round_count": 100
  },
  "client_retrain_baseline": null
}