{
  "pretrain_final": {
    "avg_train_acc": 0.8701607525348664,
    "avg_val_acc": 0.7932555079460144,
    "avg_test_acc": 0.7884125173091888
  },
  "unlearning": {
    "before_global_metrics": {
      "avg_train_acc": 0.8701607525348664,
      "avg_val_acc": 0.7932555079460144,
      "avg_test_acc": 0.7884125173091888
    },
    "after_global_metrics": {
      "avg_train_acc": 0.8742521166801452,
      "avg_val_acc": 0.8061412453651429,
      "avg_test_acc": 0.7993114054203033
    },
    "metric_delta": {
      "avg_train_acc_delta": 0.004091364145278886,
      "avg_val_acc_delta": 0.012885737419128462,
      "avg_test_acc_delta": 0.010898888111114502
    },
    "forget_request": {
      "client_id": 0,
      "forget_node_count": 245,
      "forget_node_ids": [
        92,
        70,
        849,
        772,
        1645,
        905,
        324,
        217,
        1535,
        1766,
        52,
        1998,
        1671,
        545,
        48,
        33,
        1505,
        619,
        1633,
        1336,
        1076,
        840,
        516,
        227,
        548,
        1348,
        1027,
        666,
        1408,
        379,
        1058,
        1821,
        1203,
        1871,
        1582,
        153,
        72,
        643,
        1990,
        1689,
        24,
        316,
        1724,
        2068,
        735,
        2038,
        1574,
        1622,
        1672,
        1019,
        2036,
        1931,
        1759,
        22,
        1227,
        1999,
        1594,
        1340,
        23,
        396,
        274,
        1068,
        1478,
        1413,
        118,
        1567,
        1341,
        1398,
        995,
        854,
        176,
        1641,
        4,
        813,
        543,
        1208,
        2002,
        1822,
        211,
        2027,
        1875,
        806,
        1782,
        1475,
        584,
        253,
        1847,
        1640,
        1070,
        1794,
        1422,
        366,
        1423,
        631,
        1446,
        0,
        1616,
        132,
        1137,
        807,
        1053,
        1687,
        822,
        1811,
        1497,
        165,
        1841,
        559,
        515,
        465,
        1808,
        641,
        367,
        521,
        784,
        180,
        626,
        736,
        1518,
        63,
        595,
        1177,
        1142,
        1114,
        1474,
        779,
        1693,
        1213,
        144,
        267,
        593,
        512,
        901,
        243,
        1163,
        1612,
        978,
        1533,
        1935,
        790,
        226,
        670,
        157,
        762,
        1455,
        1062,
        1436,
        1627,
        1629,
        970,
        2043,
        1789,
        1352,
        728,
        893,
        1809,
        1483,
        1103,
        415,
        1831,
        1549,
        1908,
        875,
        462,
        193,
        283,
        1278,
        541,
        1036,
        976,
        1373,
        2023,
        1741,
        425,
        1883,
        309,
        91,
        972,
        1241,
        1251,
        956,
        256,
        1826,
        1796,
        142,
        292,
        1371,
        1904,
        981,
        1107,
        1784,
        49,
        1094,
        2007,
        1118,
        911,
        1498,
        1431,
        1323,
        1318,
        1179,
        422,
        1257,
        752,
        1055,
        998,
        1674,
        1890,
        1852,
        1829,
        868,
        1590,
        755,
        1381,
        1949,
        1630,
        1618,
        1979,
        557,
        426,
        131,
        1879,
        50,
        1248,
        1660,
        1637,
        757,
        413,
        1419,
        1047,
        718,
        1651,
        1663,
        1543,
        429,
        694,
        298,
        1459,
        355,
        1913,
        101,
        558,
        785,
        910,
        1887
      ],
      "retain_node_count": 1825,
      "boundary_node_count": 869,
      "selected_probe_count": 10,
      "relation_activation_before": 6.9736738204956055,
      "relation_activation_after": 4.5349225997924805
    },
    "affected_client_ids": [
      5
    ],
    "affected_client_count": 1,
    "prototype_similarities": [
      {
        "client_id": 5,
        "similarity": 0.7075598239898682
      },
      {
        "client_id": 1,
        "similarity": 0.6491353511810303
      },
      {
        "client_id": 9,
        "similarity": 0.643213152885437
      },
      {
        "client_id": 8,
        "similarity": 0.5636254549026489
      },
      {
        "client_id": 7,
        "similarity": 0.5613957643508911
      },
      {
        "client_id": 4,
        "similarity": 0.5086734294891357
      },
      {
        "client_id": 2,
        "similarity": 0.4720696210861206
      },
      {
        "client_id": 6,
        "similarity": 0.35875213146209717
      },
      {
        "client_id": 3,
        "similarity": 0.24728316068649292
      }
    ],
    "requester_relation_stats": {
      "before_local_unlearning": {
        "relation_activation_mean": 6.9736738204956055
      },
      "after_local_unlearning": {
        "relation_activation_mean": 4.5349225997924805
      },
      "after_final_purge": {
        "relation_activation_mean": 5.505512237548828
      }
    },
    "probe_stats": {
      "probe_count": 10,
      "pre_vs_local_unlearn_alignment_mse": 1.6343896463513374
    },
    "affected_client_final_mean_test_metric": 0.811904788017273
  },
  "retrain_baseline": null,
  "client_unlearning": null,
  "client_retrain_baseline": null
}