{
  "pretrain_final": {
    "avg_train_acc": 0.9912886917591095,
    "avg_val_acc": 0.975578224658966,
    "avg_test_acc": 0.9778144478797912
  },
  "client_unlearning": {
    "removed_client_id": 0,
    "before_global_metrics": {
      "avg_train_acc": 0.9912886917591095,
      "avg_val_acc": 0.975578224658966,
      "avg_test_acc": 0.9778144478797912
    },
    "after_global_metrics": {
      "avg_train_acc": 0.9771720349788666,
      "avg_val_acc": 0.9656582653522492,
      "avg_test_acc": 0.9693455338478089
    },
    "metric_delta": {
      "avg_train_acc_delta": -0.014116656780242876,
      "avg_val_acc_delta": -0.009919959306716852,
      "avg_test_acc_delta": -0.008468914031982355
    },
    "momentum_coeff": 0.9,
    "degradation_rounds": 4,
    "guidance_rounds": 12,
    "remaining_client_count": 9
  },
  "client_retrain_baseline": null
}