{
  "pretrain_final": {
    "avg_train_acc": 0.868593966960907,
    "avg_val_acc": 0.7924218595027923,
    "avg_test_acc": 0.802197527885437
  },
  "fedkd": {
    "removed_client_id": 0,
    "before_global_metrics": {
      "avg_train_acc": 0.8790686130523682,
      "avg_val_acc": 0.8091746767361959,
      "avg_test_acc": 0.81523464123408
    },
    "after_global_metrics": {
      "avg_train_acc": 0.8594551218880547,
      "avg_val_acc": 0.8051904175016615,
      "avg_test_acc": 0.8019193145963881
    },
    "metric_delta": {
      "avg_train_acc_delta": -0.019613491164313435,
      "avg_val_acc_delta": -0.003984259234534382,
      "avg_test_acc_delta": -0.01331532663769186
    },
    "distill_epochs": 8,
    "distill_lr": 0.0005,
    "distill_temperature": 2.0,
    "historical_round_count": 100
  },
  "client_retrain_baseline": null
}