{
  "pretrain_final": {
    "avg_train_acc": 0.9871471941471099,
    "avg_val_acc": 0.9738010108470917,
    "avg_test_acc": 0.9723284721374512
  },
  "unlearning": {
    "before_global_metrics": {
      "avg_train_acc": 0.9871471941471099,
      "avg_val_acc": 0.9738010108470917,
      "avg_test_acc": 0.9723284721374512
    },
    "after_global_metrics": {
      "avg_train_acc": 0.9926809668540955,
      "avg_val_acc": 0.9770189821720123,
      "avg_test_acc": 0.9766363680362702
    },
    "metric_delta": {
      "avg_train_acc_delta": 0.005533772706985518,
      "avg_val_acc_delta": 0.003217971324920632,
      "avg_test_acc_delta": 0.00430789589881897
    },
    "forget_request": {
      "client_id": 0,
      "forget_node_count": 1174,
      "forget_node_ids": [
        865,
        7262,
        2490,
        148,
        999,
        8200,
        4668,
        6494,
        279,
        4975,
        3377,
        8558,
        4280,
        1619,
        5738,
        4385,
        9528,
        8821,
        9254,
        8670,
        338,
        1762,
        8831,
        1990,
        8970,
        7536,
        7820,
        1129,
        3718,
        2791,
        3299,
        7003,
        6954,
        197,
        5545,
        9715,
        2612,
        1639,
        9691,
        162,
        5301,
        3315,
        6013,
        7607,
        7439,
        4345,
        3948,
        3871,
        560,
        8255,
        3172,
        4430,
        7183,
        6222,
        8007,
        9665,
        6771,
        4658,
        3033,
        6957,
        3722,
        6400,
        3909,
        4496,
        7956,
        9721,
        6253,
        4472,
        1465,
        416,
        3771,
        5063,
        8000,
        2639,
        6720,
        8939,
        1934,
        226,
        9457,
        9017,
        8750,
        5477,
        3221,
        6519,
        437,
        7468,
        115,
        7669,
        4775,
        7065,
        1273,
        3103,
        3455,
        6778,
        7297,
        172,
        2546,
        8388,
        3035,
        7139,
        8680,
        5386,
        9436,
        9736,
        7594,
        5090,
        5742,
        5250,
        8107,
        5630,
        5137,
        2333,
        7988,
        8267,
        4913,
        2062,
        9029,
        5284,
        4394,
        6894,
        7809,
        6255,
        6498,
        5148,
        505,
        5635,
        8552,
        4020,
        8822,
        8187,
        4612,
        8127,
        6811,
        7641,
        56,
        6794,
        6943,
        2209,
        9535,
        7430,
        157,
        5184,
        6399,
        6259,
        4987,
        5932,
        6206,
        8919,
        1090,
        6682,
        2970,
        2966,
        9002,
        8539,
        1272,
        740,
        8936,
        4984,
        751,
        1143,
        7476,
        5939,
        5965,
        3325,
        3138,
        424,
        4693,
        4113,
        2414,
        6923,
        342,
        2751,
        7308,
        6167,
        2156,
        3958,
        5685,
        6643,
        5806,
        2018,
        8396,
        604,
        4899,
        6347,
        6709,
        6585,
        3194,
        868,
        4374,
        3906,
        9700,
        4281,
        1265,
        6413,
        2236,
        7901,
        7722,
        8907,
        2845,
        6514,
        7032,
        5134,
        9303,
        3834,
        383,
        4946,
        8994,
        8201,
        6636,
        4143,
        1073,
        7090,
        547,
        3934,
        3957,
        6271,
        4684,
        1377,
        6384,
        5070,
        4931,
        6091,
        8896,
        519,
        2440,
        7115,
        1126,
        3779,
        6446,
        2647,
        1677,
        9357,
        9546,
        1149,
        9407,
        4408,
        9290,
        7278,
        8829,
        928,
        60,
        8801,
        6567,
        1909,
        2574,
        9699,
        7786,
        6476,
        5776,
        2486,
        2952,
        8309,
        2205,
        7917,
        1260,
        1139,
        8995,
        4765,
        4400,
        1943,
        5043,
        4602,
        394,
        7792,
        1417,
        6229,
        1791,
        4824,
        1262,
        3215,
        5548,
        2655,
        3192,
        4184,
        9599,
        5564,
        3522,
        835,
        6424,
        5793,
        7440,
        1166,
        475,
        2682,
        4990,
        4411,
        3770,
        145,
        8226,
        429,
        470,
        7756,
        2233,
        8434,
        5959,
        1824,
        2904,
        1873,
        336,
        1776,
        6757,
        6170,
        1247,
        7836,
        5985,
        531,
        7227,
        4067,
        7916,
        5265,
        1556,
        6872,
        7573,
        9161,
        6009,
        4856,
        5001,
        8717,
        1059,
        3670,
        659,
        4716,
        5019,
        8770,
        3830,
        3316,
        1743,
        8923,
        6216,
        1048,
        8505,
        7580,
        2161,
        5361,
        7745,
        5691,
        2946,
        1789,
        4165,
        7790,
        3589,
        9464,
        1426,
        6874,
        184,
        316,
        1572,
        5812,
        4306,
        8749,
        2741,
        6388,
        3361,
        724,
        3521,
        2847,
        9297,
        72,
        9550,
        3535,
        7555,
        3432,
        6414,
        8217,
        308,
        2289,
        3213,
        4661,
        3324,
        3777,
        98,
        374,
        9202,
        1114,
        5847,
        6378,
        1956,
        6781,
        8713,
        4180,
        5258,
        4014,
        2990,
        33,
        3818,
        7217,
        234,
        2069,
        3089,
        9722,
        9083,
        7500,
        9737,
        1242,
        6788,
        1544,
        2868,
        7834,
        1240,
        2712,
        6726,
        9619,
        8537,
        7482,
        945,
        7473,
        2136,
        9039,
        1236,
        5483,
        540,
        1402,
        6023,
        5281,
        2787,
        2666,
        8488,
        8125,
        7635,
        8972,
        8461,
        5779,
        5268,
        5764,
        6977,
        5231,
        3759,
        6033,
        3674,
        1375,
        2281,
        1245,
        324,
        5190,
        2472,
        2192,
        1968,
        6318,
        1702,
        3724,
        5462,
        362,
        5485,
        1925,
        2278,
        2335,
        5901,
        6840,
        1832,
        4407,
        563,
        7611,
        3335,
        7590,
        4080,
        8060,
        8084,
        4039,
        1731,
        6435,
        469,
        4461,
        2532,
        2577,
        6169,
        1211,
        5141,
        3529,
        5315,
        1292,
        1854,
        7010,
        5973,
        7219,
        9195,
        1430,
        7934,
        7666,
        1559,
        1403,
        6998,
        2138,
        2951,
        2276,
        108,
        3788,
        6839,
        1152,
        1502,
        962,
        3388,
        5300,
        6471,
        1337,
        4539,
        5954,
        9350,
        9007,
        9731,
        7249,
        8615,
        2736,
        7871,
        5084,
        9385,
        8648,
        8818,
        4334,
        9539,
        2175,
        6454,
        4157,
        1680,
        2635,
        5296,
        1896,
        4273,
        3689,
        2846,
        402,
