{
  "pretrain_final": {
    "avg_train_acc": 0.7118943452835083,
    "avg_val_acc": 0.4989919692277908,
    "avg_test_acc": 0.493021634221077
  },
  "fedkd": {
    "removed_client_id": 0,
    "before_global_metrics": {
      "avg_train_acc": 0.7229919036229452,
      "avg_val_acc": 0.5144854585329691,
      "avg_test_acc": 0.5080711775355868
    },
    "after_global_metrics": {
      "avg_train_acc": 0.6740997566117181,
      "avg_val_acc": 0.5052515168984731,
      "avg_test_acc": 0.49716105394893223
    },
    "metric_delta": {
      "avg_train_acc_delta": -0.04889214701122713,
      "avg_val_acc_delta": -0.009233941634495979,
      "avg_test_acc_delta": -0.010910123586654608
    },
    "distill_epochs": 8,
    "distill_lr": 0.0005,
    "distill_temperature": 2.0,
    "historical_round_count": 100
  },
  "client_retrain_baseline": null
}