{
  "pretrain_final": {
    "avg_train_acc": 0.7118943452835083,
    "avg_val_acc": 0.4989919692277908,
    "avg_test_acc": 0.493021634221077
  },
  "unlearning": {
    "before_global_metrics": {
      "avg_train_acc": 0.7118943452835083,
      "avg_val_acc": 0.4989919692277908,
      "avg_test_acc": 0.493021634221077
    },
    "after_global_metrics": {
      "avg_train_acc": 0.7617671489715576,
      "avg_val_acc": 0.5238663047552109,
      "avg_test_acc": 0.5079246461391449
    },
    "metric_delta": {
      "avg_train_acc_delta": 0.04987280368804936,
      "avg_val_acc_delta": 0.024874335527420077,
      "avg_test_acc_delta": 0.014903011918067921
    },
    "forget_request": {
      "client_id": 0,
      "forget_node_count": 196,
      "forget_node_ids": [
        1522,
        674,
        799,
        151,
        1340,
        301,
        320,
        1343,
        478,
        977,
        1530,
        948,
        1030,
        1450,
        989,
        1610,
        642,
        194,
        230,
        1404,
        724,
        221,
        417,
        1625,
        1393,
        366,
        1608,
        204,
        462,
        398,
        1047,
        449,
        1298,
        1574,
        789,
        1348,
        1547,
        831,
        348,
        1504,
        580,
        1408,
        207,
        315,
        154,
        1624,
        1355,
        1319,
        1569,
        785,
        0,
        437,
        1539,
        1538,
        412,
        484,
        1531,
        909,
        1244,
        241,
        354,
        402,
        435,
        56,
        12,
        1503,
        1249,
        1135,
        356,
        1537,
        639,
        486,
        611,
        124,
        1292,
        532,
        971,
        516,
        1495,
        473,
        803,
        265,
        1252,
        508,
        687,
        921,
        242,
        101,
        1036,
        607,
        1067,
        1113,
        824,
        781,
        108,
        1257,
        959,
        1049,
        84,
        833,
        1079,
        1262,
        105,
        1381,
        894,
        1314,
        129,
        433,
        1051,
        468,
        327,
        436,
        11,
        896,
        1019,
        133,
        310,
        967,
        629,
        721,
        998,
        22,
        289,
        1661,
        479,
        829,
        1238,
        758,
        212,
        1198,
        1021,
        1054,
        893,
        80,
        786,
        585,
        1657,
        930,
        966,
        293,
        800,
        252,
        812,
        1273,
        166,
        1512,
        1506,
        165,
        339,
        126,
        1062,
        1300,
        897,
        1375,
        471,
        500,
        955,
        1212,
        502,
        1206,
        1269,
        1528,
        497,
        314,
        494,
        466,
        708,
        1190,
        1338,
        541,
        498,
        1410,
        303,
        1366,
        143,
        404,
        1234,
        734,
        1247,
        1073,
        1181,
        58,
        1040,
        1473,
        1228,
        910,
        172,
        558,
        561,
        994,
        701,
        982,
        1385,
        901,
        213,
        1093
      ],
      "retain_node_count": 1472,
      "boundary_node_count": 866,
      "selected_probe_count": 10,
      "relation_activation_before": 5.059681415557861,
      "relation_activation_after": 3.3015477657318115
    },
    "affected_client_ids": [
      5,
      6,
      7
    ],
    "affected_client_count": 3,
    "prototype_similarities": [
      {
        "client_id": 7,
        "similarity": 0.8066974878311157
      },
      {
        "client_id": 6,
        "similarity": 0.7037985324859619
      },
      {
        "client_id": 5,
        "similarity": 0.6572953462600708
      },
      {
        "client_id": 3,
        "similarity": 0.6107272505760193
      },
      {
        "client_id": 9,
        "similarity": 0.5760279297828674
      },
      {
        "client_id": 4,
        "similarity": 0.5540990233421326
      },
      {
        "client_id": 1,
        "similarity": 0.49807432293891907
      },
      {
        "client_id": 8,
        "similarity": 0.3007582128047943
      },
      {
        "client_id": 2,
        "similarity": 0.02468184009194374
      }
    ],
    "requester_relation_stats": {
      "before_local_unlearning": {
        "relation_activation_mean": 5.059681415557861
      },
      "after_local_unlearning": {
        "relation_activation_mean": 3.3015477657318115
      },
      "after_final_purge": {
        "relation_activation_mean": 3.908303737640381
      }
    },
    "probe_stats": {
      "probe_count": 10,
      "pre_vs_local_unlearn_alignment_mse": 2.1692899376153947
    },
    "affected_client_final_mean_test_metric": 0.46735196312268573
  },
  "retrain_baseline": null,
  "client_unlearning": null,
  "client_retrain_baseline": null
}