{
  "pretrain_final": {
    "avg_train_acc": 0.868593966960907,
    "avg_val_acc": 0.7924218595027923,
    "avg_test_acc": 0.802197527885437
  },
  "unlearning": {
    "before_global_metrics": {
      "avg_train_acc": 0.868593966960907,
      "avg_val_acc": 0.7924218595027923,
      "avg_test_acc": 0.802197527885437
    },
    "after_global_metrics": {
      "avg_train_acc": 0.8710430920124054,
      "avg_val_acc": 0.8007862985134124,
      "avg_test_acc": 0.8050783753395081
    },
    "metric_delta": {
      "avg_train_acc_delta": 0.002449125051498413,
      "avg_val_acc_delta": 0.008364439010620117,
      "avg_test_acc_delta": 0.0028808474540711337
    },
    "forget_request": {
      "client_id": 0,
      "forget_node_count": 250,
      "forget_node_ids": [
        986,
        1921,
        1422,
        1588,
        1820,
        1011,
        897,
        1792,
        1473,
        829,
        1621,
        1144,
        822,
        235,
        1088,
        319,
        98,
        1030,
        1168,
        1068,
        533,
        67,
        898,
        654,
        1467,
        916,
        1611,
        1999,
        1452,
        1581,
        1939,
        1388,
        1479,
        346,
        1215,
        687,
        1099,
        953,
        1976,
        151,
        1119,
        497,
        384,
        875,
        843,
        1495,
        1917,
        1494,
        1771,
        638,
        768,
        1051,
        1822,
        892,
        1865,
        192,
        1449,
        1073,
        925,
        94,
        1363,
        1002,
        1756,
        1214,
        57,
        37,
        1860,
        826,
        1389,
        983,
        1559,
        1614,
        773,
        1576,
        248,
        675,
        78,
        1367,
        553,
        1773,
        2020,
        1097,
        1344,
        43,
        1911,
        649,
        2029,
        1283,
        1823,
        1386,
        627,
        965,
        284,
        799,
        719,
        136,
        1929,
        1651,
        298,
        812,
        1090,
        1125,
        591,
        842,
        386,
        1395,
        183,
        2056,
        754,
        482,
        1433,
        890,
        65,
        1630,
        1560,
        527,
        502,
        265,
        335,
        349,
        1133,
        847,
        1425,
        455,
        1772,
        896,
        1451,
        2060,
        520,
        423,
        601,
        321,
        2013,
        1955,
        1890,
        1983,
        1407,
        1026,
        747,
        1721,
        1392,
        534,
        257,
        428,
        44,
        501,
        160,
        868,
        68,
        1568,
        856,
        1686,
        1735,
        598,
        1178,
        77,
        863,
        1829,
        360,
        25,
        199,
        1685,
        336,
        1180,
        1391,
        18,
        1289,
        2016,
        1300,
        1915,
        1205,
        1361,
        1924,
        441,
        1365,
        763,
        1758,
        833,
        12,
        1868,
        637,
        976,
        1550,
        987,
        429,
        1399,
        332,
        1046,
        1616,
        857,
        1513,
        1625,
        623,
        1836,
        1725,
        503,
        1547,
        1246,
        1121,
        1132,
        1023,
        640,
        69,
        722,
        131,
        673,
        1455,
        166,
        1387,
        1843,
        1841,
        727,
        367,
        757,
        444,
        1787,
        771,
        814,
        45,
        1290,
        1694,
        828,
        348,
        311,
        260,
        295,
        1661,
        643,
        846,
        182,
        107,
        1936,
        1882,
        237,
        177,
        563,
        962,
        1927,
        1745,
        792,
        1193,
        777,
        629,
        1818,
        197,
        115,
        252,
        1767,
        1707,
        1989
      ],
      "retain_node_count": 1820,
      "boundary_node_count": 991,
      "selected_probe_count": 10,
      "relation_activation_before": 6.660033702850342,
      "relation_activation_after": 3.894338607788086
    },
    "affected_client_ids": [
      1
    ],
    "affected_client_count": 1,
    "prototype_similarities": [
      {
        "client_id": 1,
        "similarity": 0.6559984683990479
      },
      {
        "client_id": 8,
        "similarity": 0.5016733407974243
      },
      {
        "client_id": 7,
        "similarity": 0.49037766456604004
      },
      {
        "client_id": 2,
        "similarity": 0.46779078245162964
      },
      {
        "client_id": 9,
        "similarity": 0.44986000657081604
      },
      {
        "client_id": 6,
        "similarity": 0.4028683304786682
      },
      {
        "client_id": 4,
        "similarity": 0.39732396602630615
      },
      {
        "client_id": 5,
        "similarity": 0.3791719079017639
      },
      {
        "client_id": 3,
        "similarity": 0.25509586930274963
      }
    ],
    "requester_relation_stats": {
      "before_local_unlearning": {
        "relation_activation_mean": 6.660033702850342
      },
      "after_local_unlearning": {
        "relation_activation_mean": 3.894338607788086
      },
      "after_final_purge": {
        "relation_activation_mean": 5.204289436340332
      }
    },
    "probe_stats": {
      "probe_count": 10,
      "pre_vs_local_unlearn_alignment_mse": 1.1323175519704818
    },
    "affected_client_final_mean_test_metric": 0.7739725708961487
  },
  "retrain_baseline": null,
  "client_unlearning": null,
  "client_retrain_baseline": null
}