{
  "data_dir": "E:\\MMFGU\\datasets\\ele-fashion",
  "task": "node_classification",
  "seeds": [
    42,
    43,
    44
  ],
  "retain_interval": 2,
  "calibration_ratio": 2.0,
  "runs": [
    {
      "pretrain_final": {
        "avg_train_acc": 0.9912886917591095,
        "avg_val_acc": 0.975578224658966,
        "avg_test_acc": 0.9778144478797912
      },
      "fed_eraser": {
        "removed_client_id": 0,
        "retain_interval": 2,
        "calibration_ratio": 2.0,
        "calibration_local_epochs": 4,
        "retained_round_count": 50,
        "before_global_metrics": {
          "avg_train_acc": 0.9909685386551751,
          "avg_val_acc": 0.9746487140655518,
          "avg_test_acc": 0.9777970247798495
        },
        "after_global_metrics": {
          "avg_train_acc": 0.9799838529692756,
          "avg_val_acc": 0.9646467897627089,
          "avg_test_acc": 0.9680616524484422
        },
        "metric_delta": {
          "avg_train_acc_delta": -0.010984685685899498,
          "avg_val_acc_delta": -0.010001924302842857,
          "avg_test_acc_delta": -0.00973537233140731
        },
        "reconstruction_seconds": 97.65645837783813
      }
    },
    {
      "pretrain_final": {
        "avg_train_acc": 0.9850779831409454,
        "avg_val_acc": 0.9710336327552795,
        "avg_test_acc": 0.9685204684734344
      },
      "fed_eraser": {
        "removed_client_id": 0,
        "retain_interval": 2,
        "calibration_ratio": 2.0,
        "calibration_local_epochs": 4,
        "retained_round_count": 50,
        "before_global_metrics": {
          "avg_train_acc": 0.9848610162734985,
          "avg_val_acc": 0.9697248670789931,
          "avg_test_acc": 0.9679159720738729
        },
        "after_global_metrics": {
          "avg_train_acc": 0.9780177407794528,
          "avg_val_acc": 0.9643096261554294,
          "avg_test_acc": 0.9629663162761264
        },
        "metric_delta": {
          "avg_train_acc_delta": -0.006843275494045731,
          "avg_val_acc_delta": -0.005415240923563713,
          "avg_test_acc_delta": -0.004949655797746533
        },
        "reconstruction_seconds": 97.53430891036987
      }
    },
    {
      "pretrain_final": {
        "avg_train_acc": 0.9871471941471099,
        "avg_val_acc": 0.9738010108470917,
        "avg_test_acc": 0.9723284721374512
      },
      "fed_eraser": {
        "removed_client_id": 0,
        "retain_interval": 2,
        "calibration_ratio": 2.0,
        "calibration_local_epochs": 4,
        "retained_round_count": 50,
        "before_global_metrics": {
          "avg_train_acc": 0.9867218070560031,
          "avg_val_acc": 0.9738945497406853,
          "avg_test_acc": 0.9716544085078769
        },
        "after_global_metrics": {
          "avg_train_acc": 0.9737971822420756,
          "avg_val_acc": 0.9623307387034098,
          "avg_test_acc": 0.9608346621195475
        },
        "metric_delta": {
          "avg_train_acc_delta": -0.012924624813927532,
          "avg_val_acc_delta": -0.011563811037275551,
          "avg_test_acc_delta": -0.010819746388329388
        },
        "reconstruction_seconds": 97.5958502292633
      }
    }
  ],
  "summary": {
    "before_test": {
      "mean": 0.9724558017871998,
      "std": 0.004989035381281623
    },
    "after_test": {
      "mean": 0.9639542102813721,
      "std": 0.0037133944347032023
    },
    "delta_test": {
      "mean": -0.008501591505827744,
      "std": 0.003123483989007818
    },
    "reconstruction_seconds": {
      "mean": 97.59553917249043,
      "std": 0.061075327816819305
    }
  }
}