{
  "pretrain_final": {
    "avg_train_acc": 0.9231067061424255,
    "avg_val_acc": 0.8258565843105317,
    "avg_test_acc": 0.8292147278785705
  },
  "client_unlearning": {
    "removed_client_id": 0,
    "before_global_metrics": {
      "avg_train_acc": 0.9231067061424255,
      "avg_val_acc": 0.8258565843105317,
      "avg_test_acc": 0.8292147278785705
    },
    "after_global_metrics": {
      "avg_train_acc": 0.9261289536952972,
      "avg_val_acc": 0.8276923596858978,
      "avg_test_acc": 0.8255077421665191
    },
    "metric_delta": {
      "avg_train_acc_delta": 0.0030222475528717263,
      "avg_val_acc_delta": 0.0018357753753661665,
      "avg_test_acc_delta": -0.003706985712051414
    },
    "momentum_coeff": 0.98,
    "degradation_rounds": 2,
    "guidance_rounds": 10,
    "remaining_client_count": 9
  },
  "client_retrain_baseline": null
}