{
  "pretrain_final": {
    "avg_train_acc": 0.9231067061424255,
    "avg_val_acc": 0.8258565843105317,
    "avg_test_acc": 0.8292147278785705
  },
  "fed_eraser": {
    "removed_client_id": 0,
    "retain_interval": 2,
    "calibration_ratio": 2.0,
    "calibration_local_epochs": 4,
    "retained_round_count": 50,
    "before_global_metrics": {
      "avg_train_acc": 0.9197592404153612,
      "avg_val_acc": 0.8218541476461623,
      "avg_test_acc": 0.8249013423919678
    },
    "after_global_metrics": {
      "avg_train_acc": 0.8960452278455099,
      "avg_val_acc": 0.8195565144220988,
      "avg_test_acc": 0.8238005969259474
    },
    "metric_delta": {
      "avg_train_acc_delta": -0.023714012569851284,
      "avg_val_acc_delta": -0.002297633224063511,
      "avg_test_acc_delta": -0.0011007454660203475
    },
    "reconstruction_seconds": 52.285996437072754
  }
}