{
  "pretrain_final": {
    "avg_train_acc": 0.868593966960907,
    "avg_val_acc": 0.7924218595027923,
    "avg_test_acc": 0.802197527885437
  },
  "client_unlearning": {
    "removed_client_id": 0,
    "before_global_metrics": {
      "avg_train_acc": 0.868593966960907,
      "avg_val_acc": 0.7924218595027923,
      "avg_test_acc": 0.802197527885437
    },
    "after_global_metrics": {
      "avg_train_acc": 0.8169143319129943,
      "avg_val_acc": 0.7829742848873138,
      "avg_test_acc": 0.788271689414978
    },
    "metric_delta": {
      "avg_train_acc_delta": -0.05167963504791262,
      "avg_val_acc_delta": -0.009447574615478516,
      "avg_test_acc_delta": -0.013925838470458918
    },
    "momentum_coeff": 0.9,
    "degradation_rounds": 4,
    "guidance_rounds": 12,
    "remaining_client_count": 9
  },
  "client_retrain_baseline": null
}