{
  "pretrain_final": {
    "avg_train_acc": 0.9871471941471099,
    "avg_val_acc": 0.9738010108470917,
    "avg_test_acc": 0.9723284721374512
  },
  "client_unlearning": {
    "removed_client_id": 0,
    "before_global_metrics": {
      "avg_train_acc": 0.9871471941471099,
      "avg_val_acc": 0.9738010108470917,
      "avg_test_acc": 0.9723284721374512
    },
    "after_global_metrics": {
      "avg_train_acc": 0.9797434866428375,
      "avg_val_acc": 0.9665300071239471,
      "avg_test_acc": 0.966677212715149
    },
    "metric_delta": {
      "avg_train_acc_delta": -0.007403707504272439,
      "avg_val_acc_delta": -0.007271003723144598,
      "avg_test_acc_delta": -0.005651259422302268
    },
    "momentum_coeff": 0.98,
    "degradation_rounds": 2,
    "guidance_rounds": 10,
    "remaining_client_count": 9
  },
  "client_retrain_baseline": null
}