{
  "pretrain_final": {
    "avg_train_acc": 0.9992703855037689,
    "avg_val_acc": 0.9605821669101715,
    "avg_test_acc": 0.9598016858100891
  },
  "unlearning": {
    "before_global_metrics": {
      "avg_train_acc": 0.9992703855037689,
      "avg_val_acc": 0.9605821669101715,
      "avg_test_acc": 0.9598016858100891
    },
    "after_global_metrics": {
      "avg_train_acc": 0.9988365113735199,
      "avg_val_acc": 0.9593676567077637,
      "avg_test_acc": 0.95737224817276
    },
    "metric_delta": {
      "avg_train_acc_delta": -0.00043387413024897903,
      "avg_val_acc_delta": -0.0012145102024078147,
      "avg_test_acc_delta": -0.002429437637329057
    },
    "forget_request": {
      "client_id": 0,
      "forget_node_count": 188,
      "forget_node_ids": [
        267,
        201,
        331,
        107,
        2,
        384,
        698,
        1305,
        663,
        289,
        1393,
        1114,
        507,
        1009,
        496,
        735,
        1308,
        529,
        541,
        287,
        184,
        459,
        897,
        966,
        724,
        166,
        1252,
        786,
        1128,
        317,
        192,
        1207,
        941,
        611,
        842,
        787,
        1286,
        277,
        117,
        411,
        881,
        67,
        1052,
        1540,
        1016,
        1559,
        1523,
        1369,
        1327,
        316,
        177,
        1036,
        1504,
        820,
        1278,
        891,
        1101,
        402,
        250,
        1560,
        1149,
        875,
        1095,
        358,
        1512,
        124,
        114,
        691,
        1425,
        49,
        774,
        311,
        437,
        164,
        503,
        1383,
        921,
        1555,
        1463,
        305,
        1444,
        667,
        1293,
        1373,
        1175,
        925,
        72,
        1180,
        894,
        1156,
        532,
        1118,
        1209,
        1077,
        1420,
        890,
        415,
        298,
        63,
        108,
        408,
        1031,
        1294,
        300,
        1145,
        249,
        211,
        954,
        1246,
        549,
        1464,
        1447,
        951,
        212,
        465,
        1235,
        410,
        1234,
        1508,
        756,
        209,
        767,
        57,
        274,
        693,
        171,
        1370,
        176,
        438,
        957,
        1107,
        886,
        1139,
        263,
        292,
        1415,
        586,
        130,
        424,
        223,
        911,
        638,
        1192,
        1173,
        1561,
        260,
        365,
        13,
        739,
        419,
        271,
        1097,
        750,
        684,
        1375,
        1280,
        1331,
        396,
        923,
        1458,
        852,
        751,
        346,
        1476,
        697,
        243,
        1200,
        540,
        141,
        21,
        765,
        318,
        806,
        1322,
        1339,
        1196,
        1583,
        725,
        969,
        1082,
        136,
        355,
        1364,
        135,
        1424,
        637,
        314,
        359
      ],
      "retain_node_count": 1403,
      "boundary_node_count": 678,
      "selected_probe_count": 10,
      "relation_activation_before": 13.100248336791992,
      "relation_activation_after": 9.897692680358887
    },
    "affected_client_ids": [
      1,
      2,
      3,
      4,
      5,
      6,
      7,
      8,
      9
    ],
    "affected_client_count": 9,
    "prototype_similarities": [
      {
        "client_id": 8,
        "similarity": 0.9440479874610901
      },
      {
        "client_id": 4,
        "similarity": 0.9374093413352966
      },
      {
        "client_id": 5,
        "similarity": 0.9133598804473877
      },
      {
        "client_id": 1,
        "similarity": 0.9119106531143188
      },
      {
        "client_id": 6,
        "similarity": 0.9066452383995056
      },
      {
        "client_id": 9,
        "similarity": 0.9051047563552856
      },
      {
        "client_id": 7,
        "similarity": 0.901026725769043
      },
      {
        "client_id": 3,
        "similarity": 0.8930646181106567
      },
      {
        "client_id": 2,
        "similarity": 0.8857553601264954
      }
    ],
    "requester_relation_stats": {
      "before_local_unlearning": {
        "relation_activation_mean": 13.100248336791992
      },
      "after_local_unlearning": {
        "relation_activation_mean": 9.897692680358887
      },
      "after_final_purge": {
        "relation_activation_mean": 10.951794624328613
      }
    },
    "probe_stats": {
      "probe_count": 10,
      "pre_vs_local_unlearn_alignment_mse": 4.366703695058822
    },
    "affected_client_final_mean_test_metric": 0.9556661380661858
  },
  "retrain_baseline": null,
  "client_unlearning": null,
  "client_retrain_baseline": null
}