{
  "pretrain_final": {
    "avg_train_acc": 0.9992601215839386,
    "avg_val_acc": 0.9660664141178131,
    "avg_test_acc": 0.9697057902812958
  },
  "fed_eraser": {
    "removed_client_id": 0,
    "retain_interval": 2,
    "calibration_ratio": 2.0,
    "calibration_local_epochs": 4,
    "retained_round_count": 50,
    "before_global_metrics": {
      "avg_train_acc": 0.9992964996231927,
      "avg_val_acc": 0.9663242101669312,
      "avg_test_acc": 0.9690917465421889
    },
    "after_global_metrics": {
      "avg_train_acc": 0.9957993030548096,
      "avg_val_acc": 0.9647377928098043,
      "avg_test_acc": 0.9645468062824674
    },
    "metric_delta": {
      "avg_train_acc_delta": -0.0034971965683830986,
      "avg_val_acc_delta": -0.0015864173571268347,
      "avg_test_acc_delta": -0.004544940259721519
    },
    "reconstruction_seconds": 97.96069502830505
  }
}