{
  "pretrain_final": {
    "avg_train_acc": 0.9160317063331604,
    "avg_val_acc": 0.8551247537136077,
    "avg_test_acc": 0.8639723420143127
  },
  "fed_eraser": {
    "removed_client_id": 0,
    "retain_interval": 2,
    "calibration_ratio": 2.0,
    "calibration_local_epochs": 4,
    "retained_round_count": 50,
    "before_global_metrics": {
      "avg_train_acc": 0.9201413724157546,
      "avg_val_acc": 0.8563805222511292,
      "avg_test_acc": 0.8670153419176737
    },
    "after_global_metrics": {
      "avg_train_acc": 0.9162322680155436,
      "avg_val_acc": 0.8629662725660536,
      "avg_test_acc": 0.8700870606634352
    },
    "metric_delta": {
      "avg_train_acc_delta": -0.003909104400210972,
      "avg_val_acc_delta": 0.006585750314924477,
      "avg_test_acc_delta": 0.003071718745761509
    },
    "reconstruction_seconds": 1095.1895871162415
  }
}