{
  "pretrain_final": {
    "avg_train_acc": 0.9984335362911224,
    "avg_val_acc": 0.9597684025764466,
    "avg_test_acc": 0.9611622273921967
  },
  "fed_eraser": {
    "removed_client_id": 0,
    "retain_interval": 2,
    "calibration_ratio": 2.0,
    "calibration_local_epochs": 4,
    "retained_round_count": 50,
    "before_global_metrics": {
      "avg_train_acc": 0.9983758330345154,
      "avg_val_acc": 0.9594648877779642,
      "avg_test_acc": 0.9603630900382996
    },
    "after_global_metrics": {
      "avg_train_acc": 0.9963947534561157,
      "avg_val_acc": 0.9664843877156576,
      "avg_test_acc": 0.9643864962789748
    },
    "metric_delta": {
      "avg_train_acc_delta": -0.001981079578399658,
      "avg_val_acc_delta": 0.007019499937693352,
      "avg_test_acc_delta": 0.004023406240675209
    },
    "reconstruction_seconds": 98.9446930885315
  }
}