{
  "pretrain_final": null,
  "unlearning": null,
  "retrain_baseline": null,
  "client_unlearning": null,
  "client_retrain_baseline": {
    "removed_client_id": 0,
    "remaining_client_count": 9,
    "final_metrics": {
      "avg_val_mrr": 0.9021003378762139,
      "avg_val_hits@3": 0.9877635637919108,
      "avg_val_hits@10": 1.0,
      "avg_val_auc_roc": 0.9434912933243645,
      "avg_test_mrr": 0.897322416305542,
      "avg_test_hits@3": 0.9860873156123691,
      "avg_test_hits@10": 0.9999999933772616,
      "avg_test_auc_roc": 0.9424590865770975
    }
  }
}