{
  "pretrain_final": {
    "avg_train_acc": 0.9871471941471099,
    "avg_val_acc": 0.9738010108470917,
    "avg_test_acc": 0.9723284721374512
  },
  "client_unlearning": {
    "removed_client_id": 0,
    "before_global_metrics": {
      "avg_train_acc": 0.9871471941471099,
      "avg_val_acc": 0.9738010108470917,
      "avg_test_acc": 0.9723284721374512
    },
    "after_global_metrics": {
      "avg_train_acc": 0.9658700346946716,
      "avg_val_acc": 0.9590615808963776,
      "avg_test_acc": 0.957585334777832
    },
    "metric_delta": {
      "avg_train_acc_delta": -0.021277159452438354,
      "avg_val_acc_delta": -0.014739429950714089,
      "avg_test_acc_delta": -0.014743137359619185
    },
    "momentum_coeff": 0.9,
    "degradation_rounds": 4,
    "guidance_rounds": 12,
    "remaining_client_count": 9
  },
  "client_retrain_baseline": null
}