{
  "pretrain_final": {
    "avg_train_acc": 0.9992601215839386,
    "avg_val_acc": 0.9660664141178131,
    "avg_test_acc": 0.9697057902812958
  },
  "fedkd": {
    "removed_client_id": 0,
    "before_global_metrics": {
      "avg_train_acc": 0.9992964996231927,
      "avg_val_acc": 0.9663242101669312,
      "avg_test_acc": 0.9690917465421889
    },
    "after_global_metrics": {
      "avg_train_acc": 0.9988343384530809,
      "avg_val_acc": 0.9667856229676141,
      "avg_test_acc": 0.9676368633906046
    },
    "metric_delta": {
      "avg_train_acc_delta": -0.0004621611701117745,
      "avg_val_acc_delta": 0.00046141280068290325,
      "avg_test_acc_delta": -0.001454883151584263
    },
    "distill_epochs": 8,
    "distill_lr": 0.0005,
    "distill_temperature": 2.0,
    "historical_round_count": 100
  },
  "client_retrain_baseline": null
}