{
  "pretrain_final": {
    "avg_train_acc": 0.3290543481707573,
    "avg_val_acc": 0.3292153999209404,
    "avg_test_acc": 0.3299582153558731
  },
  "unlearning": {
    "target_client_ids": [
      0
    ],
    "before_global_metrics": {
      "avg_train_acc": 0.3290543481707573,
      "avg_val_acc": 0.3292153999209404,
      "avg_test_acc": 0.3299582153558731
    },
    "after_remaining_metrics": {
      "avg_train_acc": 0.3336043059825897,
      "avg_val_acc": 0.3317377765973409,
      "avg_test_acc": 0.3308267494042714
    },
    "metric_delta": {
      "avg_train_acc_delta": 0.004549957811832428,
      "avg_val_acc_delta": 0.002522376676400484,
      "avg_test_acc_delta": 0.0008685340483983173
    },
    "affected_client_ids": [
      1,
      2,
      3
    ],
    "prototype_similarities": [
      {
        "client_id": 2,
        "similarity": 0.9974368810653687
      },
      {
        "client_id": 1,
        "similarity": 0.9934393167495728
      },
      {
        "client_id": 3,
        "similarity": 0.9919573664665222
      }
    ],
    "target_artifacts": [
      {
        "client_id": 0,
        "selected_node_count": 1042,
        "sampled_subgraph_nodes": 2850,
        "sampler_reward": 0.5921165073953989,
        "overlap_proxy": 0.9965032935142517,
        "utility_after_sampler_ascent": 0.05926860123872757,
        "prompt": {
          "token_count": 4,
          "insert_count": 570,
          "prompt_norm": 0.8708716034889221
        }
      }
    ]
  },
  "retrain_baseline": null
}