{
  "pretrain": [
    {
      "avg_train_acc": 0.3290543481707573,
      "avg_val_acc": 0.3292153999209404,
      "avg_test_acc": 0.3299582153558731,
      "round": 1
    }
  ],
  "unlearn": [
    {
      "avg_train_acc": 0.1795592438429594,
      "avg_val_acc": 0.1752483956515789,
      "avg_test_acc": 0.1864920686930418,
      "epoch": 1
    }
  ],
  "repair": [
    {
      "avg_train_acc": 0.3336043059825897,
      "avg_val_acc": 0.3317377765973409,
      "avg_test_acc": 0.3308267494042714,
      "round": 1
    }
  ]
}