{
  "pretrain_final": {
    "avg_train_acc": 0.9151187121868134,
    "avg_val_acc": 0.8246092319488525,
    "avg_test_acc": 0.8396602272987366
  },
  "unlearning": {
    "before_global_metrics": {
      "avg_train_acc": 0.9151187121868134,
      "avg_val_acc": 0.8246092319488525,
      "avg_test_acc": 0.8396602272987366
    },
    "after_global_metrics": {
      "avg_train_acc": 0.9003428161144257,
      "avg_val_acc": 0.819101995229721,
      "avg_test_acc": 0.8303834974765778
    },
    "metric_delta": {
      "avg_train_acc_delta": -0.014775896072387718,
      "avg_val_acc_delta": -0.0055072367191314475,
      "avg_test_acc_delta": -0.009276729822158769
    },
    "forget_request": {
      "client_id": 0,
      "forget_node_count": 205,
      "forget_node_ids": [
        1347,
        1098,
        1008,
        856,
        1334,
        130,
        316,
        1682,
        672,
        495,
        1525,
        1153,
        272,
        1053,
        1579,
        1469,
        89,
        536,
        1541,
        115,
        284,
        1651,
        1130,
        551,
        479,
        435,
        1293,
        189,
        260,
        399,
        1492,
        1101,
        715,
        1126,
        747,
        1308,
        1071,
        360,
        461,
        1015,
        841,
        1384,
        1280,
        639,
        1058,
        327,
        831,
        1002,
        1413,
        977,
        1003,
        1622,
        640,
        177,
        689,
        1650,
        63,
        1445,
        669,
        519,
        175,
        612,
        724,
        1553,
        1615,
        368,
        1618,
        1060,
        268,
        1403,
        1456,
        265,
        267,
        1236,
        919,
        651,
        138,
        578,
        1637,
        1430,
        860,
        359,
        1408,
        164,
        1289,
        780,
        1585,
        1582,
        1294,
        913,
        1260,
        794,
        917,
        743,
        725,
        1206,
        488,
        1276,
        306,
        842,
        1366,
        617,
        1385,
        1290,
        1510,
        706,
        750,
        1317,
        329,
        1170,
        332,
        328,
        1262,
        507,
        822,
        1017,
        1428,
        1331,
        909,
        1412,
        974,
        1538,
        176,
        1393,
        537,
        1521,
        39,
        304,
        50,
        630,
        843,
        1488,
        1420,
        474,
        1540,
        10,
        692,
        318,
        1259,
        761,
        880,
        996,
        78,
        518,
        602,
        1218,
        923,
        955,
        1112,
        655,
        203,
        190,
        534,
        1396,
        1213,
        1217,
        605,
        1148,
        440,
        154,
        1547,
        293,
        1087,
        1042,
        818,
        646,
        82,
        934,
        142,
        159,
        610,
        341,
        1034,
        1501,
        1125,
        1191,
        1653,
        140,
        125,
        631,
        1458,
        1376,
        867,
        511,
        850,
        808,
        1668,
        493,
        805,
        1353,
        1700,
        1200,
        538,
        728,
        9,
        473,
        1152,
        1477,
        255,
        580,
        1047,
        1450,
        944,
        104,
        1459
      ],
      "retain_node_count": 1502,
      "boundary_node_count": 312,
      "selected_probe_count": 10,
      "relation_activation_before": 10.76498031616211,
      "relation_activation_after": 7.614060878753662
    },
    "affected_client_ids": [],
    "affected_client_count": 0,
    "prototype_similarities": [
      {
        "client_id": 9,
        "similarity": 0.5666553378105164
      },
      {
        "client_id": 8,
        "similarity": 0.5067662000656128
      },
      {
        "client_id": 6,
        "similarity": 0.5058755874633789
      },
      {
        "client_id": 5,
        "similarity": 0.4075945019721985
      },
      {
        "client_id": 4,
        "similarity": 0.39356717467308044
      },
      {
        "client_id": 2,
        "similarity": 0.3830278813838959
      },
      {
        "client_id": 7,
        "similarity": 0.3562418818473816
      },
      {
        "client_id": 3,
        "similarity": 0.3451141119003296
      },
      {
        "client_id": 1,
        "similarity": 0.07220276445150375
      }
    ],
    "requester_relation_stats": {
      "before_local_unlearning": {
        "relation_activation_mean": 10.76498031616211
      },
      "after_local_unlearning": {
        "relation_activation_mean": 7.614060878753662
      },
      "after_final_purge": {
        "relation_activation_mean": 9.189152717590332
      }
    },
    "probe_stats": {
      "probe_count": 10,
      "pre_vs_local_unlearn_alignment_mse": 1.807605841755867
    },
    "affected_client_final_mean_test_metric": 0.0
  },
  "retrain_baseline": null,
  "client_unlearning": null,
  "client_retrain_baseline": null
}