{
  "pretrain_final": null,
  "unlearning": null,
  "retrain_baseline": null,
  "client_unlearning": null,
  "client_retrain_baseline": {
    "removed_client_id": 0,
    "remaining_client_count": 9,
    "final_metrics": {
      "avg_val_mrr": 0.9816329545444913,
      "avg_val_hits@3": 1.0,
      "avg_val_hits@10": 1.0,
      "avg_val_auc_roc": 0.9881331920623779,
      "avg_test_mrr": 0.9746675822469923,
      "avg_test_hits@3": 0.9998439285490248,
      "avg_test_hits@10": 0.9999999867545234,
      "avg_test_auc_roc": 0.9871605171097649
    }
  }
}