{
  "pretrain_final": {
    "avg_val_mrr": 0.3335693210363388,
    "avg_val_hits@3": 0.37886856496334076,
    "avg_val_hits@10": 0.9999999821186065,
    "avg_val_auc_roc": 0.517701706290245,
    "avg_test_mrr": 0.3444361537694931,
    "avg_test_hits@3": 0.4027470231056213,
    "avg_test_hits@10": 1.0,
    "avg_test_auc_roc": 0.48145807683467867
  },
  "unlearning": {
    "before_global_metrics": {
      "avg_val_mrr": 0.3335693210363388,
      "avg_val_hits@3": 0.37886856496334076,
      "avg_val_hits@10": 0.9999999821186065,
      "avg_val_auc_roc": 0.517701706290245,
      "avg_test_mrr": 0.3444361537694931,
      "avg_test_hits@3": 0.4027470231056213,
      "avg_test_hits@10": 1.0,
      "avg_test_auc_roc": 0.48145807683467867
    },
    "after_global_metrics": {
      "avg_val_mrr": 0.3230315804481506,
      "avg_val_hits@3": 0.38054282367229464,
      "avg_val_hits@10": 0.9999999821186065,
      "avg_val_auc_roc": 0.5115772217512131,
      "avg_test_mrr": 0.34243111312389374,
      "avg_test_hits@3": 0.40485831499099734,
      "avg_test_hits@10": 1.0,
      "avg_test_auc_roc": 0.4812937617301941
    },
    "metric_delta": {
      "avg_val_mrr_delta": -0.010537740588188182,
      "avg_val_hits@3_delta": 0.0016742587089538796,
      "avg_val_hits@10_delta": 0.0,
      "avg_val_auc_roc_delta": -0.006124484539031916,
      "avg_test_mrr_delta": -0.0020050406455993652,
      "avg_test_hits@3_delta": 0.00211129188537601,
      "avg_test_hits@10_delta": 0.0,
      "avg_test_auc_roc_delta": -0.0001643151044845581
    },
    "forget_request": {
      "client_id": 0,
      "forget_edge_count": 208,
      "forget_edge_ids": [
        911,
        408,
        813,
        657,
        710,
        526,
        977,
        467,
        768,
        440,
        1017,
        3,
        276,
        727,
        1037,
        175,
        193,
        804,
        235,
        149,
        63,
        357,
        45,
        994,
        592,
        252,
        919,
        124,
        450,
        756,
        511,
        531,
        84,
        162,
        395,
        735,
        724,
        647,
        690,
        409,
        142,
        941,
        96,
        562,
        758,
        426,
        927,
        381,
        981,
        726,
        659,
        688,
        842,
        332,
        15,
        374,
        153,
        185,
        151,
        503,
        1013,
        899,
        622,
        943,
        661,
        214,
        968,
        427,
        579,
        540,
        669,
        368,
        12,
        476,
        111,
        53,
        110,
        1038,
        811,
        230,
        950,
        33,
        760,
        986,
        158,
        613,
        744,
        995,
        678,
        270,
        379,
        382,
        638,
        532,
        649,
        472,
        258,
        926,
        319,
        815,
        163,
        446,
        693,
        998,
        510,
        42,
        765,
        89,
        283,
        11,
        122,
        989,
        132,
        764,
        145,
        910,
        694,
        1020,
        429,
        227,
        1022,
        291,
        1018,
        849,
        587,
        128,
        264,
        147,
        572,
        982,
        7,
        20,
        312,
        303,
        879,
        863,
        851,
        35,
        60,
        195,
        223,
        703,
        742,
        262,
        960,
        309,
        82,
        261,
        711,
        984,
        468,
        997,
        755,
        401,
        183,
        324,
        890,
        494,
        44,
        818,
        239,
        745,
        40,
        190,
        1029,
        699,
        923,
        349,
        445,
        530,
        315,
        160,
        677,
        874,
        1010,
        72,
        799,
        931,
        491,
        885,
        243,
        575,
        971,
        413,
        400,
        1011,
        970,
        897,
        834,
        1000,
        907,
        541,
        470,
        563,
        2,
        25,
        444,
        808,
        17,
        621,
        465,
        740,
        180,
        78,
        698,
        523,
        0,
        418
      ],
      "forget_node_count": 302,