{
  "pretrain_final": {
    "avg_train_acc": 0.9151187121868134,
    "avg_val_acc": 0.8246092319488525,
    "avg_test_acc": 0.8396602272987366
  },
  "client_unlearning": {
    "removed_client_id": 0,
    "before_global_metrics": {
      "avg_train_acc": 0.9151187121868134,
      "avg_val_acc": 0.8246092319488525,
      "avg_test_acc": 0.8396602272987366
    },
    "after_global_metrics": {
      "avg_train_acc": 0.9157910168170929,
      "avg_val_acc": 0.8243629276752472,
      "avg_test_acc": 0.835381704568863
    },
    "metric_delta": {
      "avg_train_acc_delta": 0.0006723046302794522,
      "avg_val_acc_delta": -0.00024630427360528007,
      "avg_test_acc_delta": -0.004278522729873613
    },
    "momentum_coeff": 0.97,
    "degradation_rounds": 3,
    "guidance_rounds": 10,
    "remaining_client_count": 9
  },
  "client_retrain_baseline": null
}