{
  "pretrain_final": {
    "avg_train_acc": 0.9151187121868134,
    "avg_val_acc": 0.8246092319488525,
    "avg_test_acc": 0.8396602272987366
  },
  "fed_eraser": {
    "removed_client_id": 0,
    "retain_interval": 2,
    "calibration_ratio": 2.0,
    "calibration_local_epochs": 4,
    "retained_round_count": 50,
    "before_global_metrics": {
      "avg_train_acc": 0.9103305869632297,
      "avg_val_acc": 0.8190527293417189,
      "avg_test_acc": 0.8307082586818271
    },
    "after_global_metrics": {
      "avg_train_acc": 0.8898861474461026,
      "avg_val_acc": 0.8186352782779269,
      "avg_test_acc": 0.8235991464720832
    },
    "metric_delta": {
      "avg_train_acc_delta": -0.020444439517127044,
      "avg_val_acc_delta": -0.0004174510637919848,
      "avg_test_acc_delta": -0.007109112209743862
    },
    "reconstruction_seconds": 51.877171993255615
  }
}