{
  "pretrain_final": {
    "avg_train_acc": 0.9151187121868134,
    "avg_val_acc": 0.8246092319488525,
    "avg_test_acc": 0.8396602272987366
  },
  "client_unlearning": {
    "removed_client_id": 0,
    "before_global_metrics": {
      "avg_train_acc": 0.9151187121868134,
      "avg_val_acc": 0.8246092319488525,
      "avg_test_acc": 0.8396602272987366
    },
    "after_global_metrics": {
      "avg_train_acc": 0.9284564554691315,
      "avg_val_acc": 0.8270703256130219,
      "avg_test_acc": 0.8369302451610565
    },
    "metric_delta": {
      "avg_train_acc_delta": 0.01333774328231807,
      "avg_val_acc_delta": 0.002461093664169356,
      "avg_test_acc_delta": -0.0027299821376800537
    },
    "momentum_coeff": 0.98,
    "degradation_rounds": 2,
    "guidance_rounds": 10,
    "remaining_client_count": 9
  },
  "client_retrain_baseline": null
}