{
  "pretrain_final": {
    "avg_train_acc": 0.8701852142810822,
    "avg_val_acc": 0.7939955174922944,
    "avg_test_acc": 0.7934542953968048
  },
  "client_unlearning": {
    "removed_client_id": 0,
    "before_global_metrics": {
      "avg_train_acc": 0.8701852142810822,
      "avg_val_acc": 0.7939955174922944,
      "avg_test_acc": 0.7934542953968048
    },
    "after_global_metrics": {
      "avg_train_acc": 0.8043020367622375,
      "avg_val_acc": 0.7600614249706268,
      "avg_test_acc": 0.7631251335144043
    },
    "metric_delta": {
      "avg_train_acc_delta": -0.06588317751884465,
      "avg_val_acc_delta": -0.03393409252166757,
      "avg_test_acc_delta": -0.030329161882400535
    },
    "momentum_coeff": 0.9,
    "degradation_rounds": 4,
    "guidance_rounds": 12,
    "remaining_client_count": 9
  },
  "client_retrain_baseline": null
}