{
  "pretrain_final": {
    "avg_train_acc": 0.6770350635051727,
    "avg_val_acc": 0.4761736780405045,
    "avg_test_acc": 0.45383443832397463
  },
  "client_unlearning": {
    "removed_client_id": 0,
    "before_global_metrics": {
      "avg_train_acc": 0.6770350635051727,
      "avg_val_acc": 0.4761736780405045,
      "avg_test_acc": 0.45383443832397463
    },
    "after_global_metrics": {
      "avg_train_acc": 0.7516430974006653,
      "avg_val_acc": 0.479640793800354,
      "avg_test_acc": 0.4885103315114975
    },
    "metric_delta": {
      "avg_train_acc_delta": 0.07460803389549253,
      "avg_val_acc_delta": 0.0034671157598495372,
      "avg_test_acc_delta": 0.034675893187522844
    },
    "momentum_coeff": 0.98,
    "degradation_rounds": 2,
    "guidance_rounds": 10,
    "remaining_client_count": 9
  },
  "client_retrain_baseline": null
}