{
  "pretrain_final": {
    "avg_train_acc": 0.8701852142810822,
    "avg_val_acc": 0.7939955174922944,
    "avg_test_acc": 0.7934542953968048
  },
  "client_unlearning": {
    "removed_client_id": 0,
    "before_global_metrics": {
      "avg_train_acc": 0.8701852142810822,
      "avg_val_acc": 0.7939955174922944,
      "avg_test_acc": 0.7934542953968048
    },
    "after_global_metrics": {
      "avg_train_acc": 0.8773165345191956,
      "avg_val_acc": 0.8019880831241608,
      "avg_test_acc": 0.7930109322071075
    },
    "metric_delta": {
      "avg_train_acc_delta": 0.007131320238113359,
      "avg_val_acc_delta": 0.007992565631866455,
      "avg_test_acc_delta": -0.00044336318969728783
    },
    "momentum_coeff": 0.98,
    "degradation_rounds": 2,
    "guidance_rounds": 10,
    "remaining_client_count": 9
  },
  "client_retrain_baseline": null
}