{
  "pretrain_final": {
    "avg_train_acc": 0.8701607525348664,
    "avg_val_acc": 0.7932555079460144,
    "avg_test_acc": 0.7884125173091888
  },
  "fedkd": {
    "removed_client_id": 0,
    "before_global_metrics": {
      "avg_train_acc": 0.8777390586005317,
      "avg_val_acc": 0.800167077117496,
      "avg_test_acc": 0.7981849246554904
    },
    "after_global_metrics": {
      "avg_train_acc": 0.8641102512677511,
      "avg_val_acc": 0.7962851060761346,
      "avg_test_acc": 0.8004294567637973
    },
    "metric_delta": {
      "avg_train_acc_delta": -0.013628807332780601,
      "avg_val_acc_delta": -0.003881971041361454,
      "avg_test_acc_delta": 0.0022445321083068848
    },
    "distill_epochs": 8,
    "distill_lr": 0.0005,
    "distill_temperature": 2.0,
    "historical_round_count": 100
  },
  "client_retrain_baseline": null
}