{
  "pretrain_final": {
    "avg_train_acc": 0.9850779831409454,
    "avg_val_acc": 0.9710336327552795,
    "avg_test_acc": 0.9685204684734344
  },
  "fed_eraser": {
    "removed_client_id": 0,
    "retain_interval": 2,
    "calibration_ratio": 2.0,
    "calibration_local_epochs": 4,
    "retained_round_count": 50,
    "before_global_metrics": {
      "avg_train_acc": 0.9848610162734985,
      "avg_val_acc": 0.9697248670789931,
      "avg_test_acc": 0.9679159720738729
    },
    "after_global_metrics": {
      "avg_train_acc": 0.9780177407794528,
      "avg_val_acc": 0.9643096261554294,
      "avg_test_acc": 0.9629663162761264
    },
    "metric_delta": {
      "avg_train_acc_delta": -0.006843275494045731,
      "avg_val_acc_delta": -0.005415240923563713,
      "avg_test_acc_delta": -0.004949655797746533
    },
    "reconstruction_seconds": 97.53430891036987
  }
}