{
  "pretrain_final": {
    "avg_train_acc": 0.9992703855037689,
    "avg_val_acc": 0.9605821669101715,
    "avg_test_acc": 0.9598016858100891
  },
  "client_unlearning": {
    "removed_client_id": 0,
    "before_global_metrics": {
      "avg_train_acc": 0.9992703855037689,
      "avg_val_acc": 0.9605821669101715,
      "avg_test_acc": 0.9598016858100891
    },
    "after_global_metrics": {
      "avg_train_acc": 0.9991642296314239,
      "avg_val_acc": 0.9602322995662689,
      "avg_test_acc": 0.9604801177978516
    },
    "metric_delta": {
      "avg_train_acc_delta": -0.0001061558723449707,
      "avg_val_acc_delta": -0.0003498673439026323,
      "avg_test_acc_delta": 0.0006784319877625178
    },
    "momentum_coeff": 0.98,
    "degradation_rounds": 2,
    "guidance_rounds": 10,
    "remaining_client_count": 9
  },
  "client_retrain_baseline": null
}