{
  "pretrain_final": {
    "avg_train_acc": 0.7010300993919373,
    "avg_val_acc": 0.5041315406560898,
    "avg_test_acc": 0.4961650907993317
  },
  "fed_eraser": {
    "removed_client_id": 0,
    "retain_interval": 2,
    "calibration_ratio": 2.0,
    "calibration_local_epochs": 4,
    "retained_round_count": 50,
    "before_global_metrics": {
      "avg_train_acc": 0.7045165830188327,
      "avg_val_acc": 0.5121893849637773,
      "avg_test_acc": 0.5085851682557
    },
    "after_global_metrics": {
      "avg_train_acc": 0.6853172646628486,
      "avg_val_acc": 0.5286674896876017,
      "avg_test_acc": 0.5158537096447415
    },
    "metric_delta": {
      "avg_train_acc_delta": -0.019199318355984096,
      "avg_val_acc_delta": 0.016478104723824383,
      "avg_test_acc_delta": 0.0072685413890415385
    },
    "reconstruction_seconds": 71.38141512870789
  }
}