{
  "mode": "client_retrain",
  "data_dir": "/root/autodl-tmp/MMFGU/datasets/ele-fashion",
  "seeds": [
    42,
    43,
    44
  ],
  "runs": [
    {
      "pretrain_final": null,
      "unlearning": null,
      "retrain_baseline": null,
      "client_unlearning": null,
      "client_retrain_baseline": {
        "removed_client_id": 0,
        "remaining_client_count": 9,
        "final_metrics": {
          "avg_val_mrr": 0.8325886262787713,
          "avg_val_hits@3": 0.94697019788954,
          "avg_val_hits@10": 0.9999999867545234,
          "avg_val_auc_roc": 0.8739136258761088,
          "avg_test_mrr": 0.8122428258260092,
          "avg_test_hits@3": 0.9245465596516927,
          "avg_test_hits@10": 0.9999999867545234,
          "avg_test_auc_roc": 0.877154270807902
        }
      }
    },
    {
      "pretrain_final": null,
      "unlearning": null,
      "retrain_baseline": null,
      "client_unlearning": null,
      "client_retrain_baseline": {
        "removed_client_id": 0,
        "remaining_client_count": 9,
        "final_metrics": {
          "avg_val_mrr": 0.8159985409842597,
          "avg_val_hits@3": 0.9251915746264987,
          "avg_val_hits@10": 1.0,
          "avg_val_auc_roc": 0.8622188965479533,
          "avg_test_mrr": 0.8212821814748976,
          "avg_test_hits@3": 0.9367396103011237,
          "avg_test_hits@10": 1.0,
          "avg_test_auc_roc": 0.8658554156621298
        }
      }
    },
    {
      "pretrain_final": null,
      "unlearning": null,
      "retrain_baseline": null,
      "client_unlearning": null,
      "client_retrain_baseline": {
        "removed_client_id": 0,
        "remaining_client_count": 9,
        "final_metrics": {
          "avg_val_mrr": 0.8143531282742819,
          "avg_val_hits@3": 0.9297025733523898,
          "avg_val_hits@10": 1.0,
          "avg_val_auc_roc": 0.8666499654452006,
          "avg_test_mrr": 0.8092106779416403,
          "avg_test_hits@3": 0.923718147807651,
          "avg_test_hits@10": 0.9999999867545234,
          "avg_test_auc_roc": 0.864940365155538
        }
      }
    }
  ],
  "summary": {
    "client_retrain": {
      "avg_val_mrr": {
        "mean": 0.8209800985124376,
        "std": 0.010086886706156853
      },
      "avg_test_mrr": {
        "mean": 0.8142452284141823,
        "std": 0.006279929257738759
      },
      "avg_val_hits@3": {
        "mean": 0.9339547819561428,
        "std": 0.011495132287874887
      },
      "avg_test_hits@3": {
        "mean": 0.9283347725868225,
        "std": 0.007290578804089724
      },
      "avg_val_auc_roc": {
        "mean": 0.8675941626230875,
        "std": 0.005904261575146589
      },
      "avg_test_auc_roc": {
        "mean": 0.8693166838751899,
        "std": 0.006802952010213497
      }
    }
  }
}