{
  "pretrain_final": null,
  "unlearning": null,
  "retrain_baseline": null,
  "client_unlearning": null,
  "client_retrain_baseline": {
    "removed_client_id": 0,
    "remaining_client_count": 9,
    "final_metrics": {
      "avg_val_mrr": 0.8486427002482944,
      "avg_val_hits@3": 0.9665121038754781,
      "avg_val_hits@10": 0.999999980131785,
      "avg_val_auc_roc": 0.870972666475508,
      "avg_test_mrr": 0.825359582901001,
      "avg_test_hits@3": 0.9540387524498833,
      "avg_test_hits@10": 0.999999980131785,
      "avg_test_auc_roc": 0.8698812060885959
    }
  }
}