{
  "pretrain_final": {
    "avg_train_acc": 0.9984335362911224,
    "avg_val_acc": 0.9597684025764466,
    "avg_test_acc": 0.9611622273921967
  },
  "client_unlearning": {
    "removed_client_id": 0,
    "before_global_metrics": {
      "avg_train_acc": 0.9984335362911224,
      "avg_val_acc": 0.9597684025764466,
      "avg_test_acc": 0.9611622273921967
    },
    "after_global_metrics": {
      "avg_train_acc": 0.99885373711586,
      "avg_val_acc": 0.9585570693016052,
      "avg_test_acc": 0.9579452991485595
    },
    "metric_delta": {
      "avg_train_acc_delta": 0.00042020082473759324,
      "avg_val_acc_delta": -0.001211333274841353,
      "avg_test_acc_delta": -0.0032169282436371738
    },
    "momentum_coeff": 0.98,
    "degradation_rounds": 2,
    "guidance_rounds": 10,
    "remaining_client_count": 9
  },
  "client_retrain_baseline": null
}