{
  "pretrain_final": {
    "avg_train_acc": 0.9151187121868134,
    "avg_val_acc": 0.8246092319488525,
    "avg_test_acc": 0.8396602272987366
  },
  "client_unlearning": {
    "removed_client_id": 0,
    "before_global_metrics": {
      "avg_train_acc": 0.9151187121868134,
      "avg_val_acc": 0.8246092319488525,
      "avg_test_acc": 0.8396602272987366
    },
    "after_global_metrics": {
      "avg_train_acc": 0.8517763257026673,
      "avg_val_acc": 0.7946755528450012,
      "avg_test_acc": 0.8027066588401794
    },
    "metric_delta": {
      "avg_train_acc_delta": -0.06334238648414614,
      "avg_val_acc_delta": -0.029933679103851252,
      "avg_test_acc_delta": -0.03695356845855713
    },
    "momentum_coeff": 0.9,
    "degradation_rounds": 4,
    "guidance_rounds": 12,
    "remaining_client_count": 9
  },
  "client_retrain_baseline": null
}