{
  "pretrain_final": {
    "avg_train_acc": 0.7118943452835083,
    "avg_val_acc": 0.4989919692277908,
    "avg_test_acc": 0.493021634221077
  },
  "client_unlearning": {
    "removed_client_id": 0,
    "before_global_metrics": {
      "avg_train_acc": 0.7118943452835083,
      "avg_val_acc": 0.4989919692277908,
      "avg_test_acc": 0.493021634221077
    },
    "after_global_metrics": {
      "avg_train_acc": 0.602706891298294,
      "avg_val_acc": 0.46852349042892455,
      "avg_test_acc": 0.45757104754447936
    },
    "metric_delta": {
      "avg_train_acc_delta": -0.10918745398521423,
      "avg_val_acc_delta": -0.030468478798866272,
      "avg_test_acc_delta": -0.03545058667659762
    },
    "momentum_coeff": 0.9,
    "degradation_rounds": 4,
    "guidance_rounds": 12,
    "remaining_client_count": 9
  },
  "client_retrain_baseline": null
}