{
  "pretrain_final": {
    "avg_train_acc": 0.7118943452835083,
    "avg_val_acc": 0.4989919692277908,
    "avg_test_acc": 0.493021634221077
  },
  "fed_eraser": {
    "removed_client_id": 0,
    "retain_interval": 2,
    "calibration_ratio": 2.0,
    "calibration_local_epochs": 4,
    "retained_round_count": 50,
    "before_global_metrics": {
      "avg_train_acc": 0.7229919036229452,
      "avg_val_acc": 0.5144854585329691,
      "avg_test_acc": 0.5080711775355868
    },
    "after_global_metrics": {
      "avg_train_acc": 0.7117997341685824,
      "avg_val_acc": 0.531323661406835,
      "avg_test_acc": 0.5232470466030968
    },
    "metric_delta": {
      "avg_train_acc_delta": -0.011192169454362744,
      "avg_val_acc_delta": 0.016838202873865837,
      "avg_test_acc_delta": 0.015175869067510006
    },
    "reconstruction_seconds": 61.00923180580139
  }
}