{
  "pretrain_final": {
    "avg_train_acc": 0.9984335362911224,
    "avg_val_acc": 0.9597684025764466,
    "avg_test_acc": 0.9611622273921967
  },
  "fedkd": {
    "removed_client_id": 0,
    "before_global_metrics": {
      "avg_train_acc": 0.9983758330345154,
      "avg_val_acc": 0.9594648877779642,
      "avg_test_acc": 0.9603630900382996
    },
    "after_global_metrics": {
      "avg_train_acc": 0.9983738594584994,
      "avg_val_acc": 0.9602460861206055,
      "avg_test_acc": 0.9603428840637207
    },
    "metric_delta": {
      "avg_train_acc_delta": -1.9735760159456106e-06,
      "avg_val_acc_delta": 0.0007811983426412317,
      "avg_test_acc_delta": -2.0205974578857422e-05
    },
    "distill_epochs": 8,
    "distill_lr": 0.0005,
    "distill_temperature": 2.0,
    "historical_round_count": 100
  },
  "client_retrain_baseline": null
}