{
  "pretrain_final": {
    "avg_val_mrr": 0.40953507721424104,
    "avg_val_hits@3": 0.5553770452737808,
    "avg_val_hits@10": 0.9999999940395355,
    "avg_val_auc_roc": 0.6097719430923462,
    "avg_test_mrr": 0.38670788407325746,
    "avg_test_hits@3": 0.5037366569042205,
    "avg_test_hits@10": 0.9999999880790711,
    "avg_test_auc_roc": 0.5918064296245575
  },
  "unlearning": {
    "before_global_metrics": {
      "avg_val_mrr": 0.40953507721424104,
      "avg_val_hits@3": 0.5553770452737808,
      "avg_val_hits@10": 0.9999999940395355,
      "avg_val_auc_roc": 0.6097719430923462,
      "avg_test_mrr": 0.38670788407325746,
      "avg_test_hits@3": 0.5037366569042205,
      "avg_test_hits@10": 0.9999999880790711,
      "avg_test_auc_roc": 0.5918064296245575
    },
    "after_global_metrics": {
      "avg_val_mrr": 0.4090912193059921,
      "avg_val_hits@3": 0.5364383369684219,
      "avg_val_hits@10": 0.9999999940395355,
      "avg_val_auc_roc": 0.6075740873813629,
      "avg_test_mrr": 0.39317998886108396,
      "avg_test_hits@3": 0.5077363073825836,
      "avg_test_hits@10": 0.9999999880790711,
      "avg_test_auc_roc": 0.5970671892166137
    },
    "metric_delta": {
      "avg_val_mrr_delta": -0.00044385790824891247,
      "avg_val_hits@3_delta": -0.01893870830535893,
      "avg_val_hits@10_delta": 0.0,
      "avg_val_auc_roc_delta": -0.0021978557109832986,
      "avg_test_mrr_delta": 0.006472104787826505,
      "avg_test_hits@3_delta": 0.003999650478363037,
      "avg_test_hits@10_delta": 0.0,
      "avg_test_auc_roc_delta": 0.005260759592056186
    },
    "forget_request": {
      "client_id": 0,
      "forget_edge_count": 214,
      "forget_edge_ids": [
        564,
        168,
        359,
        1050,
        427,
        294,
        952,
        898,
        571,
        491,
        318,
        277,
        27,
        831,
        620,
        826,
        51,
        543,
        383,
        913,
        210,
        170,
        597,
        455,
        421,
        56,
        921,
        149,
        864,
        18,
        924,
        6,
        453,
        815,
        852,
        89,
        96,
        505,
        781,
        443,
        1,
        434,
        1017,
        215,
        206,
        812,
        186,
        602,
        192,
        1035,
        798,
        579,
        979,
        930,
        734,
        923,
        333,
        948,
        26,
        281,
        846,
        691,
        765,
        1021,
        841,
        920,
        1047,
        425,
        63,
        833,
        968,
        398,
        627,
        873,
        366,
        257,
        341,
        791,
        989,
        729,
        891,
        1019,
        396,
        586,
        931,
        771,
        1057,
        329,
        387,
        676,
        599,
        98,
        188,
        99,
        927,
        285,
        648,
        988,
        174,
        54,
        503,
        757,
        801,
        424,
        1045,
        42,
        410,
        799,
        1040,
        588,
        770,
        949,
        687,
        162,
        439,
        774,
        722,
        810,
        819,
        622,
        226,
        513,
        304,
        822,
        15,
        21,
        706,
        142,
        811,
        330,
        256,
        686,
        700,
        332,
        1062,
        939,
        849,
        715,
        638,
        1037,
        1010,
        665,
        550,
        317,
        937,
        59,
        963,
        1065,
        242,
        736,
        403,
        307,
        493,
        792,
        292,
        692,
        526,
        417,
        662,
        372,
        218,
        689,
        129,
        184,
        201,
        595,
        477,
        182,
        460,
        876,
        321,
        444,
        473,
        95,
        461,
        362,
        596,
        323,
        103,
        287,
        684,
        1060,
        863,
        790,
        670,
        640,
        866,
        916,
        1064,
        413,
        804,
        814,
        868,
        123,
        527,
        539,
        974,
        25,
        917,
        262,
        624,
        664,
        936,
        897,
        1013,
        1015,
        147,
        554,
        719,
        753,
        977,
        92,
        1044,
        1024
      ],
      "forget_node_count": 319,