{
  "pretrain_final": {
    "avg_train_acc": 0.9992601215839386,
    "avg_val_acc": 0.9660664141178131,
    "avg_test_acc": 0.9697057902812958
  },
  "unlearning": {
    "before_global_metrics": {
      "avg_train_acc": 0.9992601215839386,
      "avg_val_acc": 0.9660664141178131,
      "avg_test_acc": 0.9697057902812958
    },
    "after_global_metrics": {
      "avg_train_acc": 0.998636257648468,
      "avg_val_acc": 0.9626307964324952,
      "avg_test_acc": 0.9656100809574127
    },
    "metric_delta": {
      "avg_train_acc_delta": -0.0006238639354706477,
      "avg_val_acc_delta": -0.003435617685317971,
      "avg_test_acc_delta": -0.0040957093238830344
    },
    "forget_request": {
      "client_id": 0,
      "forget_node_count": 187,
      "forget_node_ids": [
        885,
        1163,
        561,
        63,
        446,
        699,
        362,
        400,
        599,
        967,
        673,
        1338,
        552,
        342,
        568,
        1486,
        474,
        219,
        459,
        688,
        964,
        191,
        1179,
        692,
        1520,
        331,
        971,
        1390,
        1299,
        635,
        1301,
        1421,
        216,
        683,
        968,
        826,
        974,
        141,
        184,
        1449,
        1422,
        185,
        818,
        1076,
        719,
        853,
        37,
        121,
        26,
        415,
        576,
        868,
        911,
        840,
        1098,
        966,
        21,
        904,
        200,
        646,
        339,
        6,
        165,
        258,
        321,
        471,
        76,
        1271,
        906,
        542,
        602,
        815,
        1527,
        1429,
        1089,
        556,
        1097,
        1456,
        229,
        330,
        725,
        351,
        849,
        1212,
        254,
        1140,
        553,
        754,
        1,
        1015,
        12,
        134,
        741,
        212,
        1037,
        403,
        271,
        918,
        383,
        1032,
        443,
        487,
        957,
        679,
        80,
        798,
        441,
        1436,
        363,
        391,
        790,
        828,
        74,
        1349,
        1294,
        1376,
        954,
        364,
        598,
        1499,
        1339,
        732,
        1229,
        564,
        304,
        347,
        1062,
        671,
        929,
        1329,
        914,
        694,
        1052,
        696,
        934,
        1403,
        548,
        1513,
        1046,
        1093,
        528,
        214,
        85,
        582,
        794,
        549,
        458,
        809,
        1383,
        390,
        1049,
        1315,
        220,
        1323,
        733,
        680,
        617,
        69,
        1099,
        222,
        566,
        1311,
        252,
        781,
        409,
        750,
        250,
        1559,
        464,
        67,
        1095,
        96,
        1172,
        1114,
        1359,
        167,
        205,
        301,
        1263,
        1209,
        188,
        1194,
        656,
        183,
        1493,
        1337,
        206
      ],
      "retain_node_count": 1404,
      "boundary_node_count": 712,
      "selected_probe_count": 10,
      "relation_activation_before": 12.926786422729492,
      "relation_activation_after": 9.565305709838867
    },
    "affected_client_ids": [
      1,
      2,
      3,
      4,
      5,
      6,
      7,
      8,
      9
    ],
    "affected_client_count": 9,
    "prototype_similarities": [
      {
        "client_id": 4,
        "similarity": 0.9467983245849609
      },
      {
        "client_id": 8,
        "similarity": 0.9444116353988647
      },
      {
        "client_id": 2,
        "similarity": 0.9211450219154358
      },
      {
        "client_id": 9,
        "similarity": 0.9113932847976685
      },
      {
        "client_id": 3,
        "similarity": 0.894531786441803
      },
      {
        "client_id": 7,
        "similarity": 0.893726646900177
      },
      {
        "client_id": 6,
        "similarity": 0.8896265625953674
      },
      {
        "client_id": 5,
        "similarity": 0.8786646127700806
      },
      {
        "client_id": 1,
        "similarity": 0.8436930775642395
      }
    ],
    "requester_relation_stats": {
      "before_local_unlearning": {
        "relation_activation_mean": 12.926786422729492
      },
      "after_local_unlearning": {
        "relation_activation_mean": 9.565305709838867
      },
      "after_final_purge": {
        "relation_activation_mean": 10.841047286987305
      }
    },
    "probe_stats": {
      "probe_count": 10,
      "pre_vs_local_unlearn_alignment_mse": 7.298564171791076
    },
    "affected_client_final_mean_test_metric": 0.9659169514973959
  },
  "retrain_baseline": null,
  "client_unlearning": null,
  "client_retrain_baseline": null
}