{
  "pretrain_final": {
    "avg_train_acc": 0.6770350635051727,
    "avg_val_acc": 0.4761736780405045,
    "avg_test_acc": 0.45383443832397463
  },
  "unlearning": {
    "before_global_metrics": {
      "avg_train_acc": 0.6770350635051727,
      "avg_val_acc": 0.4761736780405045,
      "avg_test_acc": 0.45383443832397463
    },
    "after_global_metrics": {
      "avg_train_acc": 0.7331912815570831,
      "avg_val_acc": 0.5041442334651947,
      "avg_test_acc": 0.5029019862413406
    },
    "metric_delta": {
      "avg_train_acc_delta": 0.0561562180519104,
      "avg_val_acc_delta": 0.02797055542469018,
      "avg_test_acc_delta": 0.049067547917366006
    },
    "forget_request": {
      "client_id": 0,
      "forget_node_count": 198,
      "forget_node_ids": [
        1188,
        791,
        576,
        1297,
        462,
        150,
        877,
        293,
        1484,
        457,
        568,
        27,
        182,
        451,
        512,
        184,
        1137,
        349,
        417,
        1486,
        1586,
        135,
        542,
        391,
        1205,
        1332,
        265,
        852,
        1521,
        1537,
        238,
        1345,
        258,
        1113,
        24,
        176,
        384,
        960,
        1624,
        1653,
        354,
        837,
        655,
        499,
        1282,
        1443,
        948,
        1100,
        1121,
        1347,
        876,
        1478,
        348,
        1595,
        1024,
        1637,
        1398,
        171,
        1373,
        679,
        1179,
        334,
        1635,
        385,
        1533,
        970,
        102,
        1446,
        1262,
        123,
        428,
        1411,
        894,
        1583,
        666,
        1328,
        227,
        433,
        1288,
        224,
        1455,
        566,
        1257,
        1425,
        540,
        952,
        978,
        1657,
        681,
        1357,
        1485,
        582,
        1172,
        235,
        1665,
        835,
        1055,
        1662,
        1437,
        1120,
        823,
        1190,
        212,
        1088,
        895,
        355,
        476,
        1333,
        1648,
        230,
        436,
        211,
        854,
        18,
        530,
        1155,
        1412,
        308,
        912,
        1147,
        21,
        1063,
        528,
        1075,
        207,
        737,
        1529,
        7,
        1488,
        429,
        1267,
        1410,
        847,
        1659,
        267,
        1152,
        225,
        819,
        168,
        1290,
        1449,
        1629,
        1042,
        1460,
        965,
        1423,
        1379,
        1135,
        304,
        197,
        1386,
        925,
        1434,
        1435,
        220,
        1569,
        1431,
        1230,
        248,
        656,
        1195,
        637,
        1109,
        1127,
        525,
        1577,
        320,
        1011,
        22,
        149,
        1213,
        1038,
        804,
        650,
        1007,
        1459,
        1079,
        700,
        754,
        1279,
        1098,
        1498,
        188,
        352,
        2,
        89,
        167,
        1387,
        951,
        86,
        243,
        234,
        1242,
        497,
        425,
        1458,
        84,
        72
      ],
      "retain_node_count": 1469,
      "boundary_node_count": 735,
      "selected_probe_count": 10,
      "relation_activation_before": 5.2637858390808105,
      "relation_activation_after": 3.3820536136627197
    },
    "affected_client_ids": [
      2,
      3,
      4,
      5,
      7,
      8,
      9
    ],
    "affected_client_count": 7,
    "prototype_similarities": [
      {
        "client_id": 7,
        "similarity": 0.8834071159362793
      },
      {
        "client_id": 3,
        "similarity": 0.8363202810287476
      },
      {
        "client_id": 9,
        "similarity": 0.7764034271240234
      },
      {
        "client_id": 2,
        "similarity": 0.771614134311676
      },
      {
        "client_id": 4,
        "similarity": 0.7088147401809692
      },
      {
        "client_id": 8,
        "similarity": 0.7008823752403259
      },
      {
        "client_id": 5,
        "similarity": 0.6633685231208801
      },
      {
        "client_id": 6,
        "similarity": 0.6416963338851929
      },
      {
        "client_id": 1,
        "similarity": -0.10527004301548004
      }
    ],
    "requester_relation_stats": {
      "before_local_unlearning": {
        "relation_activation_mean": 5.2637858390808105
      },
      "after_local_unlearning": {
        "relation_activation_mean": 3.3820536136627197
      },
      "after_final_purge": {
        "relation_activation_mean": 4.195611000061035
      }
    },
    "probe_stats": {
      "probe_count": 10,
      "pre_vs_local_unlearn_alignment_mse": 4.525481581687927
    },
    "affected_client_final_mean_test_metric": 0.48745996185711454
  },
  "retrain_baseline": null,
  "client_unlearning": null,
  "client_retrain_baseline": null
}