{
  "pretrain_final": null,
  "unlearning": null,
  "retrain_baseline": null,
  "client_unlearning": null,
  "client_retrain_baseline": {
    "removed_client_id": 0,
    "remaining_client_count": 9,
    "final_metrics": {
      "avg_val_mrr": 0.8477145565880669,
      "avg_val_hits@3": 0.9692190421952142,
      "avg_val_hits@10": 0.9999999933772616,
      "avg_val_auc_roc": 0.8684802585177951,
      "avg_test_mrr": 0.8281762798627218,
      "avg_test_hits@3": 0.9531504842970107,
      "avg_test_hits@10": 0.9999999933772616,
      "avg_test_auc_roc": 0.8704454435242547
    }
  }
}