{
  "pretrain_final": {
    "avg_train_acc": 0.9984335362911224,
    "avg_val_acc": 0.9597684025764466,
    "avg_test_acc": 0.9611622273921967
  },
  "unlearning": {
    "before_global_metrics": {
      "avg_train_acc": 0.9984335362911224,
      "avg_val_acc": 0.9597684025764466,
      "avg_test_acc": 0.9611622273921967
    },
    "after_global_metrics": {
      "avg_train_acc": 0.9974863171577454,
      "avg_val_acc": 0.9613400220870971,
      "avg_test_acc": 0.9623803973197937
    },
    "metric_delta": {
      "avg_train_acc_delta": -0.0009472191333770308,
      "avg_val_acc_delta": 0.001571619510650546,
      "avg_test_acc_delta": 0.001218169927597046
    },
    "forget_request": {
      "client_id": 0,
      "forget_node_count": 191,
      "forget_node_ids": [
        990,
        1010,
        1026,
        1019,
        302,
        871,
        410,
        442,
        1474,
        927,
        387,
        203,
        1240,
        380,
        291,
        1426,
        686,
        987,
        1544,
        163,
        366,
        1496,
        350,
        301,
        1389,
        1323,
        273,
        1227,
        1462,
        1111,
        1327,
        1587,
        1076,
        645,
        440,
        62,
        643,
        427,
        1027,
        347,
        1209,
        850,
        1254,
        370,
        723,
        835,
        228,
        903,
        125,
        98,
        1241,
        335,
        218,
        491,
        434,
        227,
        360,
        254,
        1126,
        1391,
        311,
        1117,
        374,
        22,
        515,
        1304,
        337,
        1033,
        415,
        412,
        423,
        1142,
        246,
        339,
        1037,
        1345,
        1202,
        626,
        217,
        1055,
        677,
        1572,
        719,
        1315,
        1454,
        1251,
        536,
        83,
        628,
        679,
        539,
        815,
        496,
        1081,
        130,
        793,
        15,
        407,
        788,
        800,
        1398,
        568,
        1046,
        1397,
        848,
        480,
        506,
        812,
        33,
        924,
        653,
        546,
        4,
        1128,
        849,
        1423,
        79,
        1021,
        1217,
        1497,
        534,
        808,
        639,
        940,
        796,
        759,
        875,
        665,
        609,
        1164,
        921,
        712,
        938,
        768,
        929,
        56,
        251,
        615,
        750,
        139,
        1321,
        511,
        1024,
        127,
        69,
        1506,
        1339,
        831,
        253,
        932,
        1369,
        884,
        1247,
        1159,
        54,
        51,
        318,
        861,
        25,
        439,
        1577,
        596,
        636,
        461,
        1579,
        257,
        978,
        525,
        660,
        1140,
        73,
        1355,
        1176,
        1138,
        453,
        1242,
        1403,
        976,
        740,
        372,
        769,
        294,
        145,
        398,
        1174,
        670,
        1069,
        269,
        752,
        1123,
        659
      ],
      "retain_node_count": 1400,
      "boundary_node_count": 710,
      "selected_probe_count": 10,
      "relation_activation_before": 12.928587913513184,
      "relation_activation_after": 9.821191787719727
    },
    "affected_client_ids": [
      1,
      2,
      3,
      4,
      5,
      6,
      7,
      8,
      9
    ],
    "affected_client_count": 9,
    "prototype_similarities": [
      {
        "client_id": 8,
        "similarity": 0.9648948311805725
      },
      {
        "client_id": 1,
        "similarity": 0.922065258026123
      },
      {
        "client_id": 4,
        "similarity": 0.9162376523017883
      },
      {
        "client_id": 5,
        "similarity": 0.912398099899292
      },
      {
        "client_id": 3,
        "similarity": 0.8963890075683594
      },
      {
        "client_id": 6,
        "similarity": 0.8826786279678345
      },
      {
        "client_id": 7,
        "similarity": 0.8819783329963684
      },
      {
        "client_id": 2,
        "similarity": 0.8586373925209045
      },
      {
        "client_id": 9,
        "similarity": 0.8339626789093018
      }
    ],
    "requester_relation_stats": {
      "before_local_unlearning": {
        "relation_activation_mean": 12.928587913513184
      },
      "after_local_unlearning": {
        "relation_activation_mean": 9.821191787719727
      },
      "after_final_purge": {
        "relation_activation_mean": 10.444999694824219
      }
    },
    "probe_stats": {
      "probe_count": 10,
      "pre_vs_local_unlearn_alignment_mse": 6.871122813224792
    },
    "affected_client_final_mean_test_metric": 0.9610133767127991
  },
  "retrain_baseline": null,
  "client_unlearning": null,
  "client_retrain_baseline": null
}