{
  "data_dir": "E:\\MMFGU\\datasets\\Grocery",
  "mode": "retrain",
  "seeds": [
    42,
    43,
    44
  ],
  "summary": {
    "retrain": {
      "avg_val_acc": {
        "mean": 0.8119203492447182,
        "std": 0.004649429764669283
      },
      "avg_test_acc": {
        "mean": 0.8164103428522745,
        "std": 0.007560668707763891
      }
    }
  }
}