{
  "pretrain_final": {
    "avg_train_acc": 0.7010300993919373,
    "avg_val_acc": 0.5041315406560898,
    "avg_test_acc": 0.4961650907993317
  },
  "client_unlearning": {
    "removed_client_id": 0,
    "before_global_metrics": {
      "avg_train_acc": 0.7010300993919373,
      "avg_val_acc": 0.5041315406560898,
      "avg_test_acc": 0.4961650907993317
    },
    "after_global_metrics": {
      "avg_train_acc": 0.7224487781524658,
      "avg_val_acc": 0.475865575671196,
      "avg_test_acc": 0.47593291103839874
    },
    "metric_delta": {
      "avg_train_acc_delta": 0.021418678760528498,
      "avg_val_acc_delta": -0.02826596498489381,
      "avg_test_acc_delta": -0.020232179760932945
    },
    "momentum_coeff": 0.98,
    "degradation_rounds": 2,
    "guidance_rounds": 10,
    "remaining_client_count": 9
  },
  "client_retrain_baseline": null
}