{
  "pretrain_final": {
    "avg_train_acc": 0.6770350635051727,
    "avg_val_acc": 0.4761736780405045,
    "avg_test_acc": 0.45383443832397463
  },
  "client_unlearning": {
    "removed_client_id": 0,
    "before_global_metrics": {
      "avg_train_acc": 0.6770350635051727,
      "avg_val_acc": 0.4761736780405045,
      "avg_test_acc": 0.45383443832397463
    },
    "after_global_metrics": {
      "avg_train_acc": 0.6275918364524842,
      "avg_val_acc": 0.5001587718725204,
      "avg_test_acc": 0.5000290215015412
    },
    "metric_delta": {
      "avg_train_acc_delta": -0.049443227052688554,
      "avg_val_acc_delta": 0.02398509383201597,
      "avg_test_acc_delta": 0.04619458317756653
    },
    "momentum_coeff": 0.97,
    "degradation_rounds": 3,
    "guidance_rounds": 10,
    "remaining_client_count": 9
  },
  "client_retrain_baseline": null
}