{
  "pretrain_final": {
    "avg_train_acc": 0.7010300993919373,
    "avg_val_acc": 0.5041315406560898,
    "avg_test_acc": 0.4961650907993317
  },
  "unlearning": {
    "before_global_metrics": {
      "avg_train_acc": 0.7010300993919373,
      "avg_val_acc": 0.5041315406560898,
      "avg_test_acc": 0.4961650907993317
    },
    "after_global_metrics": {
      "avg_train_acc": 0.7661185979843139,
      "avg_val_acc": 0.5251769393682479,
      "avg_test_acc": 0.5160656303167344
    },
    "metric_delta": {
      "avg_train_acc_delta": 0.06508849859237664,
      "avg_val_acc_delta": 0.02104539871215816,
      "avg_test_acc_delta": 0.01990053951740267
    },
    "forget_request": {
      "client_id": 0,
      "forget_node_count": 201,
      "forget_node_ids": [
        614,
        152,
        1102,
        1452,
        451,
        564,
        688,
        188,
        467,
        371,
        289,
        1510,
        1310,
        1482,
        177,
        70,
        1096,
        82,
        380,
        105,
        18,
        830,
        379,
        909,
        931,
        1030,
        261,
        68,
        968,
        1027,
        403,
        316,
        1169,
        219,
        599,
        382,
        856,
        1407,
        555,
        826,
        362,
        1209,
        1316,
        1060,
        1595,
        814,
        550,
        818,
        1524,
        758,
        878,
        514,
        191,
        130,
        1039,
        1245,
        595,
        966,
        731,
        320,
        481,
        1050,
        847,
        523,
        566,
        272,
        49,
        919,
        392,
        1652,
        1598,
        1233,
        788,
        1439,
        424,
        269,
        1388,
        870,
        427,
        930,
        1492,
        1051,
        701,
        349,
        965,
        1558,
        877,
        892,
        1459,
        1422,
        61,
        831,
        754,
        949,
        1187,
        885,
        17,
        355,
        1001,
        499,
        659,
        1570,
        1130,
        623,
        889,
        703,
        898,
        642,
        1084,
        547,
        1111,
        1273,
        1644,
        1112,
        1363,
        329,
        1117,
        1100,
        1659,
        613,
        544,
        1400,
        1206,
        189,
        452,
        1601,
        321,
        994,
        1465,
        1479,
        540,
        92,
        324,
        207,
        773,
        1075,
        1618,
        1370,
        184,
        692,
        1110,
        1196,
        1175,
        1170,
        617,
        1264,
        373,
        513,
        1354,
        1205,
        1275,
        273,
        1248,
        770,
        1295,
        549,
        1495,
        1557,
        1325,
        723,
        89,
        1029,
        1561,
        284,
        906,
        679,
        1334,
        1259,
        687,
        1387,
        34,
        485,
        755,
        891,
        1212,
        99,
        1376,
        1172,
        1036,
        1493,
        447,
        137,
        1385,
        187,
        208,
        1141,
        236,
        1181,
        1516,
        764,
        1243,
        253,
        1253,
        1628,
        976,
        1265,
        318,
        1317,
        254,
        1565,
        108
      ],
      "retain_node_count": 1466,
      "boundary_node_count": 788,
      "selected_probe_count": 10,
      "relation_activation_before": 5.473840236663818,
      "relation_activation_after": 3.7130539417266846
    },
    "affected_client_ids": [
      3,
      4,
      5,
      6,
      7
    ],
    "affected_client_count": 5,
    "prototype_similarities": [
      {
        "client_id": 7,
        "similarity": 0.7714666724205017
      },
      {
        "client_id": 3,
        "similarity": 0.7321943640708923
      },
      {
        "client_id": 6,
        "similarity": 0.7053894400596619
      },
      {
        "client_id": 5,
        "similarity": 0.6861570477485657
      },
      {
        "client_id": 4,
        "similarity": 0.6650282144546509
      },
      {
        "client_id": 8,
        "similarity": 0.6160230040550232
      },
      {
        "client_id": 9,
        "similarity": 0.6107884645462036
      },
      {
        "client_id": 2,
        "similarity": 0.6062834858894348
      },
      {
        "client_id": 1,
        "similarity": 0.21137423813343048
      }
    ],
    "requester_relation_stats": {
      "before_local_unlearning": {
        "relation_activation_mean": 5.473840236663818
      },
      "after_local_unlearning": {
        "relation_activation_mean": 3.7130539417266846
      },
      "after_final_purge": {
        "relation_activation_mean": 4.198781967163086
      }
    },
    "probe_stats": {
      "probe_count": 10,
      "pre_vs_local_unlearn_alignment_mse": 4.75353841483593
    },
    "affected_client_final_mean_test_metric": 0.5070799887180328
  },
  "retrain_baseline": null,
  "client_unlearning": null,
  "client_retrain_baseline": null
}