{
  "pretrain_final": {
    "avg_val_mrr": 0.3362595230340958,
    "avg_val_hits@3": 0.3885540872812271,
    "avg_val_hits@10": 0.9999999880790711,
    "avg_val_auc_roc": 0.5076155930757522,
    "avg_test_mrr": 0.3290761947631836,
    "avg_test_hits@3": 0.38029050827026367,
    "avg_test_hits@10": 0.9999999821186065,
    "avg_test_auc_roc": 0.5045779258012771
  },
  "unlearning": {
    "before_global_metrics": {
      "avg_val_mrr": 0.3362595230340958,
      "avg_val_hits@3": 0.3885540872812271,
      "avg_val_hits@10": 0.9999999880790711,
      "avg_val_auc_roc": 0.5076155930757522,
      "avg_test_mrr": 0.3290761947631836,
      "avg_test_hits@3": 0.38029050827026367,
      "avg_test_hits@10": 0.9999999821186065,
      "avg_test_auc_roc": 0.5045779258012771
    },
    "after_global_metrics": {
      "avg_val_mrr": 0.3516141802072525,
      "avg_val_hits@3": 0.4353545427322388,
      "avg_val_hits@10": 0.9999999880790711,
      "avg_val_auc_roc": 0.539480698108673,
      "avg_test_mrr": 0.34683101773262026,
      "avg_test_hits@3": 0.4014889270067215,
      "avg_test_hits@10": 0.9999999821186065,
      "avg_test_auc_roc": 0.5328302294015884
    },
    "metric_delta": {
      "avg_val_mrr_delta": 0.015354657173156705,
      "avg_val_hits@3_delta": 0.04680045545101169,
      "avg_val_hits@10_delta": 0.0,
      "avg_val_auc_roc_delta": 0.03186510503292084,
      "avg_test_mrr_delta": 0.017754822969436646,
      "avg_test_hits@3_delta": 0.021198418736457836,
      "avg_test_hits@10_delta": 0.0,
      "avg_test_auc_roc_delta": 0.02825230360031128
    },
    "forget_request": {
      "client_id": 0,
      "forget_edge_count": 206,
      "forget_edge_ids": [
        964,
        31,
        27,
        358,
        309,
        290,
        978,
        963,
        665,
        454,
        691,
        72,
        906,
        639,
        853,
        187,
        1027,
        86,
        168,
        512,
        243,
        47,
        577,
        109,
        970,
        918,
        774,
        768,
        1013,
        927,
        488,
        646,
        469,
        95,
        746,
        555,
        171,
        379,
        410,
        907,
        472,
        758,
        388,
        300,
        688,
        70,
        176,
        562,
        977,
        106,
        611,
        4,
        395,
        1002,
        135,
        82,
        635,
        644,
        929,
        587,
        937,
        53,
        862,
        368,
        210,
        120,
        917,
        716,
        877,
        132,
        648,
        316,
        962,
        622,
        129,
        627,
        143,
        883,
        785,
        289,
        350,
        653,
        6,
        123,
        747,
        836,
        387,
        280,
        432,
        389,
        42,
        349,
        696,
        959,
        896,
        846,
        254,
        493,
        457,
        335,
        220,
        159,
        464,
        477,
        931,
        1021,
        655,
        3,
        640,
        172,
        320,
        1023,
        415,
        327,
        74,
        936,
        1019,
        545,
        1005,
        59,
        8,
        1014,
        325,
        307,
        460,
        933,
        88,
        930,
        412,
        559,
        45,
        140,
        751,
        958,
        827,
        858,
        988,
        629,
        274,
        239,
        680,
        576,
        942,
        141,
        442,
        52,
        818,
        864,
        868,
        549,
        972,
        51,
        102,
        556,
        887,
        804,
        527,
        932,
        492,
        535,
        714,
        946,
        206,
        424,
        835,
        1006,
        510,
        398,
        900,
        77,
        363,
        782,
        980,
        390,
        842,
        723,
        439,
        369,
        241,
        560,
        127,
        2,
        145,
        110,
        456,
        1009,
        876,
        582,
        772,
        754,
        49,
        446,
        16,
        252,
        103,
        840,
        301,
        822,
        409,
        495,
        578,
        638,
        681,
        292,
        897,
        924
      ],
      "forget_node_count": 301,