{
  "pretrain_final": {
    "avg_train_acc": 0.9231067061424255,
    "avg_val_acc": 0.8258565843105317,
    "avg_test_acc": 0.8292147278785705
  },
  "client_unlearning": {
    "removed_client_id": 0,
    "before_global_metrics": {
      "avg_train_acc": 0.9231067061424255,
      "avg_val_acc": 0.8258565843105317,
      "avg_test_acc": 0.8292147278785705
    },
    "after_global_metrics": {
      "avg_train_acc": 0.9178463697433472,
      "avg_val_acc": 0.8270585000514984,
      "avg_test_acc": 0.822020274400711
    },
    "metric_delta": {
      "avg_train_acc_delta": -0.0052603363990783025,
      "avg_val_acc_delta": 0.0012019157409667303,
      "avg_test_acc_delta": -0.007194453477859519
    },
    "momentum_coeff": 0.97,
    "degradation_rounds": 3,
    "guidance_rounds": 10,
    "remaining_client_count": 9
  },
  "client_retrain_baseline": null
}