{
  "pretrain_final": {
    "avg_train_acc": 0.9992601215839386,
    "avg_val_acc": 0.9660664141178131,
    "avg_test_acc": 0.9697057902812958
  },
  "client_unlearning": {
    "removed_client_id": 0,
    "before_global_metrics": {
      "avg_train_acc": 0.9992601215839386,
      "avg_val_acc": 0.9660664141178131,
      "avg_test_acc": 0.9697057902812958
    },
    "after_global_metrics": {
      "avg_train_acc": 0.9877810060977936,
      "avg_val_acc": 0.9627586662769317,
      "avg_test_acc": 0.9623743176460267
    },
    "metric_delta": {
      "avg_train_acc_delta": -0.011479115486144997,
      "avg_val_acc_delta": -0.003307747840881392,
      "avg_test_acc_delta": -0.007331472635269121
    },
    "momentum_coeff": 0.9,
    "degradation_rounds": 4,
    "guidance_rounds": 12,
    "remaining_client_count": 9
  },
  "client_retrain_baseline": null
}