{
  "pretrain_final": {
    "avg_train_acc": 0.9850779831409454,
    "avg_val_acc": 0.9710336327552795,
    "avg_test_acc": 0.9685204684734344
  },
  "client_unlearning": {
    "removed_client_id": 0,
    "before_global_metrics": {
      "avg_train_acc": 0.9850779831409454,
      "avg_val_acc": 0.9710336327552795,
      "avg_test_acc": 0.9685204684734344
    },
    "after_global_metrics": {
      "avg_train_acc": 0.9915228962898255,
      "avg_val_acc": 0.9758930623531341,
      "avg_test_acc": 0.9736995816230773
    },
    "metric_delta": {
      "avg_train_acc_delta": 0.0064449131488800715,
      "avg_val_acc_delta": 0.00485942959785457,
      "avg_test_acc_delta": 0.005179113149642922
    },
    "momentum_coeff": 0.98,
    "degradation_rounds": 2,
    "guidance_rounds": 10,
    "remaining_client_count": 9
  },
  "client_retrain_baseline": null
}