{
  "pretrain_final": {
    "avg_train_acc": 0.9179129183292389,
    "avg_val_acc": 0.8260057866573334,
    "avg_test_acc": 0.8161211609840393
  },
  "client_unlearning": {
    "removed_client_id": 0,
    "before_global_metrics": {
      "avg_train_acc": 0.9179129183292389,
      "avg_val_acc": 0.8260057866573334,
      "avg_test_acc": 0.8161211609840393
    },
    "after_global_metrics": {
      "avg_train_acc": 0.8412278115749359,
      "avg_val_acc": 0.783463203907013,
      "avg_test_acc": 0.7843798458576202
    },
    "metric_delta": {
      "avg_train_acc_delta": -0.07668510675430307,
      "avg_val_acc_delta": -0.04254258275032041,
      "avg_test_acc_delta": -0.03174131512641909
    },
    "momentum_coeff": 0.9,
    "degradation_rounds": 4,
    "guidance_rounds": 12,
    "remaining_client_count": 9
  },
  "client_retrain_baseline": null
}