{
  "pretrain_final": {
    "avg_train_acc": 0.9179129183292389,
    "avg_val_acc": 0.8260057866573334,
    "avg_test_acc": 0.8161211609840393
  },
  "fedkd": {
    "removed_client_id": 0,
    "before_global_metrics": {
      "avg_train_acc": 0.9145256214671664,
      "avg_val_acc": 0.820186608367496,
      "avg_test_acc": 0.8095378544595506
    },
    "after_global_metrics": {
      "avg_train_acc": 0.9049236509535048,
      "avg_val_acc": 0.815327889389462,
      "avg_test_acc": 0.8119294246037801
    },
    "metric_delta": {
      "avg_train_acc_delta": -0.009601970513661628,
      "avg_val_acc_delta": -0.004858718978034027,
      "avg_test_acc_delta": 0.0023915701442295267
    },
    "distill_epochs": 8,
    "distill_lr": 0.0005,
    "distill_temperature": 2.0,
    "historical_round_count": 100
  },
  "client_retrain_baseline": null
}