{
  "pretrain_final": {
    "avg_train_acc": 0.8701852142810822,
    "avg_val_acc": 0.7939955174922944,
    "avg_test_acc": 0.7934542953968048
  },
  "fedkd": {
    "removed_client_id": 0,
    "before_global_metrics": {
      "avg_train_acc": 0.8776075310177274,
      "avg_val_acc": 0.8011932240592109,
      "avg_test_acc": 0.8064524796273973
    },
    "after_global_metrics": {
      "avg_train_acc": 0.8685310814115736,
      "avg_val_acc": 0.8075310985247294,
      "avg_test_acc": 0.8131591081619263
    },
    "metric_delta": {
      "avg_train_acc_delta": -0.009076449606153725,
      "avg_val_acc_delta": 0.006337874465518478,
      "avg_test_acc_delta": 0.006706628534528969
    },
    "distill_epochs": 8,
    "distill_lr": 0.0005,
    "distill_temperature": 2.0,
    "historical_round_count": 100
  },
  "client_retrain_baseline": null
}