{
  "pretrain_final": {
    "avg_train_acc": 0.7118943452835083,
    "avg_val_acc": 0.4989919692277908,
    "avg_test_acc": 0.493021634221077
  },
  "client_unlearning": {
    "removed_client_id": 0,
    "before_global_metrics": {
      "avg_train_acc": 0.7118943452835083,
      "avg_val_acc": 0.4989919692277908,
      "avg_test_acc": 0.493021634221077
    },
    "after_global_metrics": {
      "avg_train_acc": 0.7068760246038437,
      "avg_val_acc": 0.5182677924633026,
      "avg_test_acc": 0.5127826303243637
    },
    "metric_delta": {
      "avg_train_acc_delta": -0.005018320679664567,
      "avg_val_acc_delta": 0.019275823235511746,
      "avg_test_acc_delta": 0.019760996103286688
    },
    "momentum_coeff": 0.98,
    "degradation_rounds": 2,
    "guidance_rounds": 10,
    "remaining_client_count": 9
  },
  "client_retrain_baseline": null
}