{
  "pretrain_final": {
    "avg_train_acc": 0.7010300993919373,
    "avg_val_acc": 0.5041315406560898,
    "avg_test_acc": 0.4961650907993317
  },
  "client_unlearning": {
    "removed_client_id": 0,
    "before_global_metrics": {
      "avg_train_acc": 0.7010300993919373,
      "avg_val_acc": 0.5041315406560898,
      "avg_test_acc": 0.4961650907993317
    },
    "after_global_metrics": {
      "avg_train_acc": 0.5649736136198044,
      "avg_val_acc": 0.47580293416976926,
      "avg_test_acc": 0.4769236117601395
    },
    "metric_delta": {
      "avg_train_acc_delta": -0.13605648577213292,
      "avg_val_acc_delta": -0.028328606486320518,
      "avg_test_acc_delta": -0.01924147903919221
    },
    "momentum_coeff": 0.9,
    "degradation_rounds": 4,
    "guidance_rounds": 12,
    "remaining_client_count": 9
  },
  "client_retrain_baseline": null
}