{
  "pretrain_final": {
    "avg_val_mrr": 0.8574148952960968,
    "avg_val_hits@3": 0.9639948725700378,
    "avg_val_hits@10": 0.9999999880790711,
    "avg_val_auc_roc": 0.9218326508998871,
    "avg_test_mrr": 0.8723368525505066,
    "avg_test_hits@3": 0.9673702955245972,
    "avg_test_hits@10": 0.9999999880790711,
    "avg_test_auc_roc": 0.924970805644989
  },
  "unlearning": {
    "before_global_metrics": {
      "avg_val_mrr": 0.8574148952960968,
      "avg_val_hits@3": 0.9639948725700378,
      "avg_val_hits@10": 0.9999999880790711,
      "avg_val_auc_roc": 0.9218326508998871,
      "avg_test_mrr": 0.8723368525505066,
      "avg_test_hits@3": 0.9673702955245972,
      "avg_test_hits@10": 0.9999999880790711,
      "avg_test_auc_roc": 0.924970805644989
    },
    "after_global_metrics": {
      "avg_val_mrr": 0.8535274028778076,
      "avg_val_hits@3": 0.9658948481082916,
      "avg_val_hits@10": 0.9999999880790711,
      "avg_val_auc_roc": 0.9215741217136383,
      "avg_test_mrr": 0.8717764675617218,
      "avg_test_hits@3": 0.9700540781021119,
      "avg_test_hits@10": 0.9999999880790711,
      "avg_test_auc_roc": 0.924999064207077
    },
    "metric_delta": {
      "avg_val_mrr_delta": -0.003887492418289229,
      "avg_val_hits@3_delta": 0.0018999755382538286,
      "avg_val_hits@10_delta": 0.0,
      "avg_val_auc_roc_delta": -0.0002585291862488015,
      "avg_test_mrr_delta": -0.0005603849887848567,
      "avg_test_hits@3_delta": 0.0026837825775146706,
      "avg_test_hits@10_delta": 0.0,
      "avg_test_auc_roc_delta": 2.825856208799049e-05
    },
    "forget_request": {
      "client_id": 0,
      "forget_edge_count": 610,
      "forget_edge_ids": [
        1068,
        1434,
        818,
        1942,
        1880,
        150,
        2026,
        1690,
        2372,
        1052,
        900,
        424,
        1928,
        2506,
        1285,
        2251,
        981,
        684,
        2565,
        155,
        2043,
        758,
        2623,
        22,
        1793,
        2487,
        1387,
        2988,
        391,
        2123,
        690,
        126,
        729,
        1993,
        867,
        2611,
        1031,
        1286,
        3038,
        2679,
        2724,
        954,
        1687,
        347,
        141,
        2960,
        317,
        2037,
        2955,
        1221,
        2704,
        1467,
        2076,
        1421,
        2140,
        1671,
        1669,
        2177,
        2392,
        2932,
        554,
        399,
        1874,
        1723,
        2954,
        2286,
        585,
        914,
        1155,
        835,
        1079,
        1136,
        1468,
        2683,
        1042,
        2174,
        2643,
        1397,
        2108,
        1020,
        638,
        1144,
        2546,
        2225,
        2536,
        3034,
        2283,
        618,
        2463,
        387,
        481,
        1715,
        501,
        2709,
        2995,
        18,
        1045,
        946,
        787,
        1703,
        812,
        1192,
        2055,
        1994,
        1121,
        2028,
        2723,
        1909,
        511,
        1187,
        1821,
        1281,
        1407,
        2992,
        464,
        2245,
        1028,
        2338,
        2661,
        2157,
        1313,
        1672,
        523,
        2267,
        1464,
        752,
        1095,
        1713,
        1269,
        2405,
        1325,
        25,
        1988,
        1160,
        2660,
        3013,
        572,
        2811,
        2136,
        2035,
        1841,
        2307,
        2329,
        74,
        979,
        235,
        2564,
        398,
        2056,
        148,
        1216,
        2859,
        284,
        1420,
        2586,
        1078,
        1446,
        2284,
        2422,
        2722,
        1282,
        3045,
        1801,
        90,
        1287,
        1955,
        56,
        1364,
        41,
        2179,
        2805,
        3032,
        1646,
        443,
        1941,
        561,
        192,
        1980,
        1254,
        456,
        125,
        2647,
        1843,
        2113,
        404,
        2418,
        1559,
        2990,
        2944,
        518,
        1172,
        3017,
        1788,
        1908,
        179,
        435,
        1767,
        193,
        1498,
        2148,
        1888,
        2207,
        2444,
        1737,
        1263,
        2084,
        1165,
        1429,
        1577,
        1255,
        1596,
        1252,
        1460,
        274,
        1288,
        755,
        623,
        3025,
        93,
        3029,
        1490,
        575,
        2211,
        1769,
        1587,
        2445,
        1182,
        1506,
        2594,
        1342,
        2067,
        3,
        2129,
        697,
        1073,
        91,
        557,
        540,
        1848,
        897,
        745,
        1116,
        2729,
        1907,
        3006,
        2292,
        1822,
        143,
        3010,
        2692,
        1011,
        1260,
        385,
        927,
        21,
        669,
        1972,
        1067,
        2265,
        1231,
        2348,
        185,
        594,
        1251,
        1726,
        372,
        2013,
        2976,
        800,
        2617,
        2147,
        2909,
        1779,
        2790,
        2306,
        602,
        2608,
        2303,
        1030,
        322,
        234,
        1798,
        1007,
        2603,
        1873,
        1812,
        2622,
        649,
        1208,
        2469,
        1578,
        249,
        786,
        1808,
        2327,
        556,
        2041,
        2468,
        1278,
        1246,
        406,
        1111,
        1280,
        1987,
        2275,
        1999,
        2373,
        1190,
        1585,
        2462,
        517,
        2380,
        971,
        2672,
        1832,
        997,
        1554,
        1114,
        1852,
        720,
        1877,
        1378,
        2233,
        470,
        1435,
        304,
        1584,
        2875,
        2071,
        1745,
        2058,
        52,
        2653,
        1072,
        2259,
        2632,
        2060,
        2091,
        505,
        208,
        780,
        3008,
        113,
        2631,
        808,
        1525,
        2876,
        8,
        315,
        351,
        120,
        2431,
        2768,
        163,
        3033,
        194,
        131,
        2321,
        526,
        2378,
        1299,
        211,
        378,
        1716,
        2458,
        727,
        312,
        375,
        2460,
        703,
        2993,
        923,
        1543,
        2049,
        2190,
        1983,
        2529,
        940,
        349,
        935,
        280,
        1786,
        2409,
        2298,
        1088,
        1826,
        2232,
        625,
        1040,
        2115,
        1416,
        112,
        933,
        32,
        363,
        1617,
        1149,
        1038,
        2981,
        2839,
        1973,
        1148,
        1348,
        46,
        1727,
        1357,
        2491,
        1628,
        641,
        1796,
        2720,
        1734,
        975,
        2059,
        2464,
        248,
        2652,
        1183,
        232,
        1753,
        1529,
        1502,
        137,
        1765,
        2215,
        2568,
        2078,
        2739,
        1084,
        1770,
        374,
        966,
        446,
        1240,
        2353,
        76,
        673,
        1887,
        3036,
        2777,
        1926,
        639,
        2918,
        830,
        1613,
        2744,
        1232,
        650,
        2872,
        1452,
        2867,
        2578,
        2757,
        2237,
        1122,
        2636,
        1659,
        873,
        27,
        0,
        569,
        1390,
