{
  "pretrain_final": {
    "avg_train_acc": 0.9231067061424255,
    "avg_val_acc": 0.8258565843105317,
    "avg_test_acc": 0.8292147278785705
  },
  "unlearning": {
    "before_global_metrics": {
      "avg_train_acc": 0.9231067061424255,
      "avg_val_acc": 0.8258565843105317,
      "avg_test_acc": 0.8292147278785705
    },
    "after_global_metrics": {
      "avg_train_acc": 0.9129913628101349,
      "avg_val_acc": 0.8237582743167877,
      "avg_test_acc": 0.819560033082962
    },
    "metric_delta": {
      "avg_train_acc_delta": -0.010115343332290583,
      "avg_val_acc_delta": -0.002098309993743941,
      "avg_test_acc_delta": -0.009654694795608543
    },
    "forget_request": {
      "client_id": 0,
      "forget_node_count": 201,
      "forget_node_ids": [
        1391,
        143,
        1025,
        565,
        853,
        654,
        333,
        1005,
        1529,
        123,
        1634,
        517,
        1088,
        438,
        1152,
        632,
        431,
        1189,
        788,
        1607,
        844,
        924,
        18,
        1198,
        768,
        490,
        348,
        1598,
        448,
        339,
        192,
        993,
        1627,
        624,
        967,
        998,
        559,
        822,
        168,
        1463,
        1419,
        1242,
        789,
        76,
        1342,
        553,
        816,
        1065,
        1375,
        861,
        1234,
        1123,
        1431,
        699,
        374,
        793,
        1548,
        125,
        567,
        1267,
        1491,
        531,
        1233,
        229,
        1097,
        133,
        1353,
        712,
        560,
        71,
        812,
        1061,
        1629,
        969,
        749,
        456,
        636,
        832,
        1538,
        293,
        300,
        594,
        681,
        487,
        1335,
        1519,
        1120,
        719,
        757,
        1418,
        1187,
        1655,
        1382,
        1402,
        113,
        630,
        1336,
        1426,
        269,
        109,
        1525,
        258,
        515,
        1464,
        1158,
        815,
        939,
        119,
        216,
        1263,
        748,
        550,
        476,
        401,
        209,
        955,
        1569,
        315,
        1240,
        1495,
        688,
        1208,
        1485,
        767,
        317,
        200,
        586,
        1109,
        790,
        462,
        1193,
        1132,
        266,
        1241,
        667,
        1664,
        1682,
        704,
        1343,
        1092,
        189,
        1362,
        418,
        572,
        823,
        922,
        828,
        43,
        1582,
        287,
        1648,
        978,
        420,
        855,
        752,
        477,
        466,
        1577,
        1383,
        1412,
        1333,
        784,
        1584,
        845,
        1361,
        1129,
        1,
        1316,
        1672,
        46,
        1686,
        851,
        400,
        1684,
        234,
        377,
        506,
        1010,
        866,
        1171,
        867,
        415,
        735,
        818,
        424,
        1467,
        5,
        1605,
        10,
        703,
        936,
        546,
        1036,
        1479,
        1310,
        547,
        979,
        1142,
        1279,
        1080,
        1595
      ],
      "retain_node_count": 1507,
      "boundary_node_count": 696,
      "selected_probe_count": 10,
      "relation_activation_before": 10.554527282714844,
      "relation_activation_after": 6.962738513946533
    },
    "affected_client_ids": [],
    "affected_client_count": 0,
    "prototype_similarities": [
      {
        "client_id": 4,
        "similarity": 0.5517563223838806
      },
      {
        "client_id": 9,
        "similarity": 0.48597341775894165
      },
      {
        "client_id": 5,
        "similarity": 0.4459550976753235
      },
      {
        "client_id": 6,
        "similarity": 0.3830072581768036
      },
      {
        "client_id": 3,
        "similarity": 0.34952735900878906
      },
      {
        "client_id": 8,
        "similarity": 0.31804537773132324
      },
      {
        "client_id": 7,
        "similarity": 0.305757611989975
      },
      {
        "client_id": 2,
        "similarity": 0.23891840875148773
      },
      {
        "client_id": 1,
        "similarity": 0.12464862316846848
      }
    ],
    "requester_relation_stats": {
      "before_local_unlearning": {
        "relation_activation_mean": 10.554527282714844
      },
      "after_local_unlearning": {
        "relation_activation_mean": 6.962738513946533
      },
      "after_final_purge": {
        "relation_activation_mean": 8.720380783081055
      }
    },
    "probe_stats": {
      "probe_count": 10,
      "pre_vs_local_unlearn_alignment_mse": 1.182004526257515
    },
    "affected_client_final_mean_test_metric": 0.0
  },
  "retrain_baseline": null,
  "client_unlearning": null,
  "client_retrain_baseline": null
}