{
  "pretrain_final": null,
  "unlearning": null,
  "retrain_baseline": null,
  "client_unlearning": null,
  "client_retrain_baseline": {
    "removed_client_id": 0,
    "remaining_client_count": 9,
    "final_metrics": {
      "avg_val_mrr": 0.9411245054668851,
      "avg_val_hits@3": 0.9967381490601434,
      "avg_val_hits@10": 0.9999999933772616,
      "avg_val_auc_roc": 0.974079536067115,
      "avg_test_mrr": 0.9323933521906534,
      "avg_test_hits@3": 0.9958158863915337,
      "avg_test_hits@10": 1.0,
      "avg_test_auc_roc": 0.9732485810915629
    }
  }
}