{
  "pretrain_final": {
    "avg_train_acc": 0.9179129183292389,
    "avg_val_acc": 0.8260057866573334,
    "avg_test_acc": 0.8161211609840393
  },
  "unlearning": {
    "before_global_metrics": {
      "avg_train_acc": 0.9179129183292389,
      "avg_val_acc": 0.8260057866573334,
      "avg_test_acc": 0.8161211609840393
    },
    "after_global_metrics": {
      "avg_train_acc": 0.9273331582546234,
      "avg_val_acc": 0.8325985848903656,
      "avg_test_acc": 0.8311586618423462
    },
    "metric_delta": {
      "avg_train_acc_delta": 0.009420239925384433,
      "avg_val_acc_delta": 0.006592798233032271,
      "avg_test_acc_delta": 0.015037500858306907
    },
    "forget_request": {
      "client_id": 0,
      "forget_node_count": 224,
      "forget_node_ids": [
        372,
        1493,
        555,
        1244,
        1199,
        658,
        1262,
        885,
        1382,
        1728,
        1072,
        330,
        1779,
        1711,
        1022,
        196,
        1794,
        622,
        1200,
        1374,
        551,
        1197,
        205,
        1385,
        537,
        1273,
        1256,
        1571,
        117,
        1672,
        636,
        928,
        396,
        223,
        1180,
        775,
        349,
        1147,
        647,
        1522,
        1231,
        700,
        428,
        73,
        457,
        1151,
        655,
        823,
        849,
        1796,
        1243,
        1166,
        812,
        1636,
        197,
        608,
        1033,
        1366,
        523,
        21,
        221,
        1487,
        762,
        883,
        1772,
        985,
        1414,
        905,
        1252,
        1264,
        856,
        1391,
        673,
        368,
        932,
        237,
        1463,
        1175,
        317,
        1457,
        155,
        1693,
        564,
        579,
        403,
        1377,
        860,
        710,
        1302,
        604,
        1045,
        420,
        1558,
        1787,
        745,
        1024,
        1037,
        1016,
        1179,
        1439,
        228,
        301,
        1753,
        623,
        1351,
        1187,
        392,
        1603,
        433,
        1017,
        964,
        161,
        375,
        388,
        1565,
        35,
        1261,
        841,
        1452,
        939,
        924,
        1528,
        188,
        1621,
        848,
        1581,
        1376,
        416,
        1028,
        1048,
        1670,
        614,
        530,
        71,
        1432,
        185,
        1587,
        1562,
        1404,
        983,
        1814,
        652,
        85,
        559,
        571,
        137,
        430,
        17,
        130,
        1441,
        824,
        1483,
        1744,
        153,
        1667,
        1389,
        1204,
        150,
        507,
        397,
        730,
        1456,
        815,
        456,
        786,
        263,
        780,
        1194,
        835,
        850,
        366,
        1161,
        12,
        1227,
        741,
        642,
        270,
        227,
        1083,
        1472,
        48,
        1505,
        708,
        1632,
        1286,
        1767,
        119,
        177,
        808,
        299,
        1092,
        354,
        1471,
        390,
        422,
        1725,
        136,
        50,
        542,
        1504,
        33,
        1775,
        1332,
        942,
        1766,
        54,
        316,
        246,
        154,
        1308,
        1601,
        412,
        1669,
        498,
        1077,
        1311,
        441,
        925,
        487,
        1331,
        1339,
        1223,
        1282,
        781
      ],
      "retain_node_count": 1607,
      "boundary_node_count": 470,
      "selected_probe_count": 10,
      "relation_activation_before": 10.675350189208984,
      "relation_activation_after": 6.819360256195068
    },
    "affected_client_ids": [
      1
    ],
    "affected_client_count": 1,
    "prototype_similarities": [
      {
        "client_id": 1,
        "similarity": 0.6788511276245117
      },
      {
        "client_id": 7,
        "similarity": 0.4613160490989685
      },
      {
        "client_id": 3,
        "similarity": 0.39271456003189087
      },
      {
        "client_id": 4,
        "similarity": 0.38345223665237427
      },
      {
        "client_id": 9,
        "similarity": 0.35788747668266296
      },
      {
        "client_id": 5,
        "similarity": 0.2875213921070099
      },
      {
        "client_id": 8,
        "similarity": 0.261896550655365
      },
      {
        "client_id": 2,
        "similarity": 0.20994071662425995
      },
      {
        "client_id": 6,
        "similarity": 0.15213006734848022
      }
    ],
    "requester_relation_stats": {
      "before_local_unlearning": {
        "relation_activation_mean": 10.675350189208984
      },
      "after_local_unlearning": {
        "relation_activation_mean": 6.819360256195068
      },
      "after_final_purge": {
        "relation_activation_mean": 8.274641036987305
      }
    },
    "probe_stats": {
      "probe_count": 10,
      "pre_vs_local_unlearn_alignment_mse": 2.8549635469913484
    },
    "affected_client_final_mean_test_metric": 0.7826087474822998
  },
  "retrain_baseline": null,
  "client_unlearning": null,
  "client_retrain_baseline": null
}