{
  "pretrain": [
    {
      "avg_train_acc": 0.33266647656758624,
      "avg_val_acc": 0.33134562770525616,
      "avg_test_acc": 0.32922032475471497,
      "round": 1
    }
  ],
  "unlearn": [],
  "repair": []
}