{
  "pretrain_final": {
    "avg_train_acc": 0.868593966960907,
    "avg_val_acc": 0.7924218595027923,
    "avg_test_acc": 0.802197527885437
  },
  "fed_eraser": {
    "removed_client_id": 0,
    "retain_interval": 2,
    "calibration_ratio": 2.0,
    "calibration_local_epochs": 4,
    "retained_round_count": 50,
    "before_global_metrics": {
      "avg_train_acc": 0.8790686130523682,
      "avg_val_acc": 0.8091746767361959,
      "avg_test_acc": 0.81523464123408
    },
    "after_global_metrics": {
      "avg_train_acc": 0.8636170758141412,
      "avg_val_acc": 0.8106466001934476,
      "avg_test_acc": 0.8117917974789938
    },
    "metric_delta": {
      "avg_train_acc_delta": -0.015451537238227009,
      "avg_val_acc_delta": 0.001471923457251667,
      "avg_test_acc_delta": -0.003442843755086189
    },
    "reconstruction_seconds": 51.7431058883667
  }
}