{
  "pretrain_final": {
    "avg_train_acc": 0.916167676448822,
    "avg_val_acc": 0.8526725769042969,
    "avg_test_acc": 0.8638454139232635
  },
  "fedkd": {
    "removed_client_id": 0,
    "before_global_metrics": {
      "avg_train_acc": 0.9199500415060256,
      "avg_val_acc": 0.8577998810344272,
      "avg_test_acc": 0.869042330318027
    },
    "after_global_metrics": {
      "avg_train_acc": 0.9061220619413588,
      "avg_val_acc": 0.8576075699594286,
      "avg_test_acc": 0.868673198752933
    },
    "metric_delta": {
      "avg_train_acc_delta": -0.013827979564666748,
      "avg_val_acc_delta": -0.000192311074998619,
      "avg_test_acc_delta": -0.00036913156509399414
    },
    "distill_epochs": 8,
    "distill_lr": 0.0005,
    "distill_temperature": 2.0,
    "historical_round_count": 100
  },
  "client_retrain_baseline": null
}