{
  "data_dir": "E:\\MMFGU\\datasets\\Grocery",
  "task": "node_classification",
  "seeds": [
    42,
    43,
    44
  ],
  "retain_interval": 2,
  "calibration_ratio": 2.0,
  "runs": [
    {
      "pretrain_final": {
        "avg_train_acc": 0.9151187121868134,
        "avg_val_acc": 0.8246092319488525,
        "avg_test_acc": 0.8396602272987366
      },
      "fed_eraser": {
        "removed_client_id": 0,
        "retain_interval": 2,
        "calibration_ratio": 2.0,
        "calibration_local_epochs": 4,
        "retained_round_count": 50,
        "before_global_metrics": {
          "avg_train_acc": 0.9103305869632297,
          "avg_val_acc": 0.8190527293417189,
          "avg_test_acc": 0.8307082586818271
        },
        "after_global_metrics": {
          "avg_train_acc": 0.8898861474461026,
          "avg_val_acc": 0.8186352782779269,
          "avg_test_acc": 0.8235991464720832
        },
        "metric_delta": {
          "avg_train_acc_delta": -0.020444439517127044,
          "avg_val_acc_delta": -0.0004174510637919848,
          "avg_test_acc_delta": -0.007109112209743862
        },
        "reconstruction_seconds": 51.877171993255615
      }
    },
    {
      "pretrain_final": {
        "avg_train_acc": 0.9179129183292389,
        "avg_val_acc": 0.8260057866573334,
        "avg_test_acc": 0.8161211609840393
      },
      "fed_eraser": {
        "removed_client_id": 0,
        "retain_interval": 2,
        "calibration_ratio": 2.0,
        "calibration_local_epochs": 4,
        "retained_round_count": 50,
        "before_global_metrics": {
          "avg_train_acc": 0.9145256214671664,
          "avg_val_acc": 0.820186608367496,
          "avg_test_acc": 0.8095378544595506
        },
        "after_global_metrics": {
          "avg_train_acc": 0.8782478504710727,
          "avg_val_acc": 0.8114330172538757,
          "avg_test_acc": 0.8082196911176046
        },
        "metric_delta": {
          "avg_train_acc_delta": -0.03627777099609375,
          "avg_val_acc_delta": -0.008753591113620285,
          "avg_test_acc_delta": -0.0013181633419460104
        },
        "reconstruction_seconds": 52.640427112579346
      }
    },
    {
      "pretrain_final": {
        "avg_train_acc": 0.9231067061424255,
        "avg_val_acc": 0.8258565843105317,
        "avg_test_acc": 0.8292147278785705
      },
      "fed_eraser": {
        "removed_client_id": 0,
        "retain_interval": 2,
        "calibration_ratio": 2.0,
        "calibration_local_epochs": 4,
        "retained_round_count": 50,
        "before_global_metrics": {
          "avg_train_acc": 0.9197592404153612,
          "avg_val_acc": 0.8218541476461623,
          "avg_test_acc": 0.8249013423919678
        },
        "after_global_metrics": {
          "avg_train_acc": 0.8960452278455099,
          "avg_val_acc": 0.8195565144220988,
          "avg_test_acc": 0.8238005969259474
        },
        "metric_delta": {
          "avg_train_acc_delta": -0.023714012569851284,
          "avg_val_acc_delta": -0.002297633224063511,
          "avg_test_acc_delta": -0.0011007454660203475
        },
        "reconstruction_seconds": 52.285996437072754
      }
    }
  ],
  "summary": {
    "before_test": {
      "mean": 0.8217158185111152,
      "std": 0.010938792233617791
    },
    "after_test": {
      "mean": 0.8185398115052117,
      "std": 0.008938053993032762
    },
    "delta_test": {
      "mean": -0.0031760070059034065,
      "std": 0.0034079033204524245
    },
    "reconstruction_seconds": {
      "mean": 52.26786518096924,
      "std": 0.3819504563806528
    }
  }
}