{
  "pretrain_final": {
    "avg_val_mrr": 0.8694924116134644,
    "avg_val_hits@3": 0.9726135849952697,
    "avg_val_hits@10": 1.0,
    "avg_val_auc_roc": 0.9215059757232666,
    "avg_test_mrr": 0.8814562320709228,
    "avg_test_hits@3": 0.9757238566875458,
    "avg_test_hits@10": 1.0,
    "avg_test_auc_roc": 0.9262903213500977
  },
  "unlearning": {
    "before_global_metrics": {
      "avg_val_mrr": 0.8694924116134644,
      "avg_val_hits@3": 0.9726135849952697,
      "avg_val_hits@10": 1.0,
      "avg_val_auc_roc": 0.9215059757232666,
      "avg_test_mrr": 0.8814562320709228,
      "avg_test_hits@3": 0.9757238566875458,
      "avg_test_hits@10": 1.0,
      "avg_test_auc_roc": 0.9262903213500977
    },
    "after_global_metrics": {
      "avg_val_mrr": 0.8620077133178711,
      "avg_val_hits@3": 0.97088343501091,
      "avg_val_hits@10": 1.0,
      "avg_val_auc_roc": 0.9166304528713226,
      "avg_test_mrr": 0.8738800287246704,
      "avg_test_hits@3": 0.9708781838417053,
      "avg_test_hits@10": 1.0,
      "avg_test_auc_roc": 0.9215446531772613
    },
    "metric_delta": {
      "avg_val_mrr_delta": -0.007484698295593284,
      "avg_val_hits@3_delta": -0.001730149984359719,
      "avg_val_hits@10_delta": 0.0,
      "avg_val_auc_roc_delta": -0.004875522851944036,
      "avg_test_mrr_delta": -0.007576203346252419,
      "avg_test_hits@3_delta": -0.004845672845840476,
      "avg_test_hits@10_delta": 0.0,
      "avg_test_auc_roc_delta": -0.0047456681728363925
    },
    "forget_request": {
      "client_id": 0,
      "forget_edge_count": 602,
      "forget_edge_ids": [
        492,
        1554,
        612,
        1776,
        418,
        1958,
        1032,
        1595,
        1614,
        1870,
        3004,
        331,
        2251,
        2946,
        1219,
        196,
        1278,
        486,
        876,
        1190,
        2250,
        1,
        177,
        1175,
        1207,
        2414,
        762,
        2689,
        42,
        712,
        867,
        2244,
        87,
        2278,
        1572,
        909,
        614,
        1210,
        2010,
        101,
        1787,
        2862,
        1606,
        747,
        1360,
        415,
        1229,
        2585,
        6,
        2366,
        2352,
        1931,
        1884,
        1741,
        122,
        1139,
        2768,
        66,
        367,
        2447,
        274,
        2790,
        1775,
        1785,
        2710,
        481,
        2639,
        203,
        2898,
        195,
        546,
        209,
        735,
        2151,
        793,
        866,
        1607,
        113,
        702,
        1480,
        1485,
        1969,
        1618,
        2800,
        1013,
        2752,
        2438,
        2402,
        2901,
        2918,
        2736,
        1951,
        1854,
        944,
        2668,
        1520,
        1650,
        1369,
        2983,
        1756,
        158,
        2303,
        778,
        1800,
        2036,
        1807,
        1334,
        221,
        213,
        1653,
        828,
        121,
        388,
        470,
        706,
        1258,
        870,
        483,
        3003,
        633,
        1115,
        684,
        1637,
        719,
        2242,
        2380,
        559,
        1584,
        2785,
        2517,
        757,
        453,
        1788,
        803,
        2259,
        468,
        2557,
        1033,
        1514,
        2991,
        600,
        959,
        2839,
        2001,
        2236,
        2654,
        1977,
        910,
        1096,
        55,
        1329,
        2777,
        613,
        2364,
        1413,
        552,
        2706,
        1744,
        1947,
        150,
        326,
        373,
        2598,
        2499,
        848,
        1398,
        2071,
        1578,
        1030,
        1856,
        741,
        350,
        760,
        1760,
        904,
        988,
        295,
        380,
        2332,
        933,
        2467,
        1781,
        736,
        594,
        715,
        112,
        2145,
        1351,
        2229,
        452,
        1945,
        2805,
        2857,
        1546,
        1569,
        2370,
        974,
        200,
        2554,
        645,
        386,
        561,
        2038,
        88,
        2546,
        2051,
        1090,
        609,
        2688,
        632,
        1166,
        2310,
        2590,
        412,
        2423,
        2637,
        267,
        1670,
        2214,
        437,
        266,
        2770,
        564,
        263,
        2738,
        879,
        33,
        404,
        232,
        2361,
        299,
        56,
        852,
        1685,
        902,
        2881,
        2271,
        2028,
        198,
        2253,
        2032,
        265,
        1217,
        2159,
        1359,
        402,
        2745,
        1961,
        2954,
        1587,
        1915,
        2097,
        625,
        1575,
        1120,
        21,
        726,
        1021,
        840,
        298,
        2096,
        714,
        919,
        628,
        456,
        2252,
        2899,
        1602,
        51,
        994,
        1873,
        1676,
        126,
        428,
        709,
        2890,
        2683,
        815,
        259,
        2108,
        2238,
        208,
        52,
        1665,
        2212,
        1466,
        2367,
        89,
        1020,
        2282,
        2817,
        449,
        2291,
        2311,
        1503,
        1109,
        734,
        1147,
        2656,
        2631,
        878,
        2623,
        2482,
        1483,
        151,
        29,
        1757,
        2802,
        1097,
        2628,
        2976,
        1084,
        2326,
        1140,
        1463,
        1512,
        2867,
        2832,
        1701,
        788,
        2510,
        1893,
        582,
        1923,
        1754,
        325,
        2185,
        1905,
        2083,
        1837,
        2190,
        1817,
        732,
        280,
        2453,
        332,
        140,
        789,
        821,
        2445,
        1735,
        1185,
        2664,
        2377,
        390,
        2459,
        668,
        354,
        2474,
        610,
        2221,
        134,
        776,
        562,
        585,
        939,
        2949,
        250,
        2047,
        1797,
        1784,
        1427,
        2576,
        2321,
        1766,
        1547,
        161,
        2292,
        967,
        1306,
        1006,
        1552,
        1277,
        1740,
        2823,
        2587,
        1589,
        17,
        2348,
        2273,
        1171,
        997,
        2746,
        2180,
        2037,
        2555,
        2493,
        1700,
        2387,
        1064,
        1025,
        1728,
        1388,
        1664,
        2228,
        2462,
        1395,
        1402,
        796,
        275,
        1861,
        2105,
        1028,
        2468,
        410,
        2803,
        809,
        1197,
        1274,
        1239,
        2827,
        1024,
        2143,
        2756,
        1005,
        2156,
        979,
        513,
        1986,
        975,
        993,
        2286,
        1417,
        2394,
        98,
        2998,
        1994,
        1504,
        2120,
        2136,
        2906,
        1313,
        1266,
        1745,
        1431,
        2437,
        1169,
        1974,
        2537,
        345,
        2066,
        2091,
        252,
        80,
        2223,
        1690,
        502,
        2316,
        591,
        1174,
        950,
        2000,
        95,
        608,
        1383,
        2233,
        2261,
        576,
        2486,
        2017,
        22,
        2196,
        707,
        641,
        1948,
        1825,
        341,
        2443,
        2099,
        540,
        2076,
